Dir,Link number,Time,Load
NB,1,0500-0515,37
NB,2,0500-0515,49
NB,3,0500-0515,61
NB,4,0500-0515,64
NB,5,0500-0515,27
NB,6,0500-0515,21
NB,7,0500-0515,20
NB,8,0500-0515,21
NB,9,0500-0515,22
NB,10,0500-0515,14
NB,11,0500-0515,0
NB,12,0500-0515,0
NB,13,0500-0515,1
NB,14,0500-0515,4
NB,15,0500-0515,9
SB,15,0500-0515,7
SB,14,0500-0515,35
SB,13,0500-0515,45
SB,12,0500-0515,78
SB,11,0500-0515,72
SB,10,0500-0515,57
SB,9,0500-0515,46
SB,8,0500-0515,43
SB,7,0500-0515,43
SB,6,0500-0515,39
SB,5,0500-0515,11
SB,4,0500-0515,3
SB,3,0500-0515,2
SB,2,0500-0515,2
SB,1,0500-0515,0
NB,1,0515-0530,83
NB,2,0515-0530,89
NB,3,0515-0530,103
NB,4,0515-0530,108
NB,5,0515-0530,83
NB,6,0515-0530,72
NB,7,0515-0530,55
NB,8,0515-0530,55
NB,9,0515-0530,55
NB,10,0515-0530,26
NB,11,0515-0530,26
NB,12,0515-0530,23
NB,13,0515-0530,11
NB,14,0515-0530,7
NB,15,0515-0530,12
SB,15,0515-0530,34
SB,14,0515-0530,100
SB,13,0515-0530,80
SB,12,0515-0530,144
SB,11,0515-0530,177
SB,10,0515-0530,136
SB,9,0515-0530,114
SB,8,0515-0530,107
SB,7,0515-0530,105
SB,6,0515-0530,80
SB,5,0515-0530,63
SB,4,0515-0530,14
SB,3,0515-0530,13
SB,2,0515-0530,5
SB,1,0515-0530,1
NB,1,0530-0545,124
NB,2,0530-0545,172
NB,3,0530-0545,207
NB,4,0530-0545,186
NB,5,0530-0545,211
NB,6,0530-0545,156
NB,7,0530-0545,148
NB,8,0530-0545,123
NB,9,0530-0545,120
NB,10,0530-0545,60
NB,11,0530-0545,60
NB,12,0530-0545,43
NB,13,0530-0545,25
NB,14,0530-0545,13
NB,15,0530-0545,18
SB,15,0530-0545,72
SB,14,0530-0545,183
SB,13,0530-0545,176
SB,12,0530-0545,312
SB,11,0530-0545,387
SB,10,0530-0545,356
SB,9,0530-0545,260
SB,8,0530-0545,247
SB,7,0530-0545,240
SB,6,0530-0545,169
SB,5,0530-0545,117
SB,4,0530-0545,42
SB,3,0530-0545,34
SB,2,0530-0545,18
SB,1,0530-0545,6
NB,1,0545-0600,185
NB,2,0545-0600,288
NB,3,0545-0600,329
NB,4,0545-0600,343
NB,5,0545-0600,384
NB,6,0545-0600,301
NB,7,0545-0600,266
NB,8,0545-0600,223
NB,9,0545-0600,215
NB,10,0545-0600,116
NB,11,0545-0600,118
NB,12,0545-0600,89
NB,13,0545-0600,62
NB,14,0545-0600,25
NB,15,0545-0600,26
SB,15,0545-0600,136
SB,14,0545-0600,308
SB,13,0545-0600,342
SB,12,0545-0600,596
SB,11,0545-0600,676
SB,10,0545-0600,658
SB,9,0545-0600,500
SB,8,0545-0600,480
SB,7,0545-0600,462
SB,6,0545-0600,369
SB,5,0545-0600,287
SB,4,0545-0600,94
SB,3,0545-0600,86
SB,2,0545-0600,36
SB,1,0545-0600,17
NB,1,0600-0615,228
NB,2,0600-0615,413
NB,3,0600-0615,551
NB,4,0600-0615,535
NB,5,0600-0615,638
NB,6,0600-0615,530
NB,7,0600-0615,419
NB,8,0600-0615,393
NB,9,0600-0615,342
NB,10,0600-0615,218
NB,11,0600-0615,198
NB,12,0600-0615,164
NB,13,0600-0615,113
NB,14,0600-0615,43
NB,15,0600-0615,39
SB,15,0600-0615,226
SB,14,0600-0615,390
SB,13,0600-0615,517
SB,12,0600-0615,842
SB,11,0600-0615,"1,019"
SB,10,0600-0615,"1,095"
SB,9,0600-0615,881
SB,8,0600-0615,878
SB,7,0600-0615,769
SB,6,0600-0615,646
SB,5,0600-0615,521
SB,4,0600-0615,187
SB,3,0600-0615,160
SB,2,0600-0615,75
SB,1,0600-0615,38
NB,1,0615-0630,314
NB,2,0615-0630,572
NB,3,0615-0630,696
NB,4,0615-0630,724
NB,5,0615-0630,918
NB,6,0615-0630,777
NB,7,0615-0630,591
NB,8,0615-0630,518
NB,9,0615-0630,478
NB,10,0615-0630,301
NB,11,0615-0630,296
NB,12,0615-0630,247
NB,13,0615-0630,175
NB,14,0615-0630,71
NB,15,0615-0630,45
SB,15,0615-0630,338
SB,14,0615-0630,608
SB,13,0615-0630,751
SB,12,0615-0630,"1,194"
SB,11,0615-0630,"1,476"
SB,10,0615-0630,"1,551"
SB,9,0615-0630,"1,278"
SB,8,0615-0630,"1,282"
SB,7,0615-0630,"1,163"
SB,6,0615-0630,927
SB,5,0615-0630,785
SB,4,0615-0630,309
SB,3,0615-0630,262
SB,2,0615-0630,114
SB,1,0615-0630,61
NB,1,0630-0645,378
NB,2,0630-0645,766
NB,3,0630-0645,957
NB,4,0630-0645,946
NB,5,0630-0645,"1,200"
NB,6,0630-0645,"1,022"
NB,7,0630-0645,767
NB,8,0630-0645,701
NB,9,0630-0645,597
NB,10,0630-0645,398
NB,11,0630-0645,366
NB,12,0630-0645,317
NB,13,0630-0645,225
NB,14,0630-0645,103
NB,15,0630-0645,66
SB,15,0630-0645,420
SB,14,0630-0645,747
SB,13,0630-0645,"1,031"
SB,12,0630-0645,"1,612"
SB,11,0630-0645,"1,963"
SB,10,0630-0645,"2,051"
SB,9,0630-0645,"1,785"
SB,8,0630-0645,"1,711"
SB,7,0630-0645,"1,643"
SB,6,0630-0645,"1,255"
SB,5,0630-0645,"1,038"
SB,4,0630-0645,446
SB,3,0630-0645,375
SB,2,0630-0645,166
SB,1,0630-0645,90
NB,1,0645-0700,486
NB,2,0645-0700,"1,001"
NB,3,0645-0700,"1,204"
NB,4,0645-0700,"1,281"
NB,5,0645-0700,"1,553"
NB,6,0645-0700,"1,342"
NB,7,0645-0700,977
NB,8,0645-0700,874
NB,9,0645-0700,745
NB,10,0645-0700,548
NB,11,0645-0700,496
NB,12,0645-0700,431
NB,13,0645-0700,306
NB,14,0645-0700,147
NB,15,0645-0700,87
SB,15,0645-0700,523
SB,14,0645-0700,897
SB,13,0645-0700,"1,283"
SB,12,0645-0700,"1,926"
SB,11,0645-0700,"2,365"
SB,10,0645-0700,"2,541"
SB,9,0645-0700,"2,273"
SB,8,0645-0700,"2,221"
SB,7,0645-0700,"2,135"
SB,6,0645-0700,"1,672"
SB,5,0645-0700,"1,413"
SB,4,0645-0700,624
SB,3,0645-0700,537
SB,2,0645-0700,237
SB,1,0645-0700,120
NB,1,0700-0715,599
NB,2,0700-0715,"1,228"
NB,3,0700-0715,"1,533"
NB,4,0700-0715,"1,589"
NB,5,0700-0715,"1,932"
NB,6,0700-0715,"1,666"
NB,7,0700-0715,"1,188"
NB,8,0700-0715,"1,057"
NB,9,0700-0715,889
NB,10,0700-0715,680
NB,11,0700-0715,588
NB,12,0700-0715,522
NB,13,0700-0715,366
NB,14,0700-0715,191
NB,15,0700-0715,104
SB,15,0700-0715,588
SB,14,0700-0715,968
SB,13,0700-0715,"1,474"
SB,12,0700-0715,"2,167"
SB,11,0700-0715,"2,742"
SB,10,0700-0715,"2,926"
SB,9,0700-0715,"2,705"
SB,8,0700-0715,"2,710"
SB,7,0700-0715,"2,609"
SB,6,0700-0715,"2,039"
SB,5,0700-0715,"1,736"
SB,4,0700-0715,808
SB,3,0700-0715,676
SB,2,0700-0715,309
SB,1,0700-0715,154
NB,1,0715-0730,726
NB,2,0715-0730,"1,483"
NB,3,0715-0730,"1,821"
NB,4,0715-0730,"1,921"
NB,5,0715-0730,"2,321"
NB,6,0715-0730,"1,961"
NB,7,0715-0730,"1,391"
NB,8,0715-0730,"1,194"
NB,9,0715-0730,"1,025"
NB,10,0715-0730,776
NB,11,0715-0730,674
NB,12,0715-0730,593
NB,13,0715-0730,426
NB,14,0715-0730,225
NB,15,0715-0730,130
SB,15,0715-0730,657
SB,14,0715-0730,"1,164"
SB,13,0715-0730,"1,651"
SB,12,0715-0730,"2,412"
SB,11,0715-0730,"3,116"
SB,10,0715-0730,"3,262"
SB,9,0715-0730,"3,032"
SB,8,0715-0730,"3,119"
SB,7,0715-0730,"3,060"
SB,6,0715-0730,"2,343"
SB,5,0715-0730,"2,026"
SB,4,0715-0730,956
SB,3,0715-0730,805
SB,2,0715-0730,360
SB,1,0715-0730,183
NB,1,0730-0745,856
NB,2,0730-0745,"1,797"
NB,3,0730-0745,"2,273"
NB,4,0730-0745,"2,345"
NB,5,0730-0745,"2,770"
NB,6,0730-0745,"2,316"
NB,7,0730-0745,"1,621"
NB,8,0730-0745,"1,393"
NB,9,0730-0745,"1,173"
NB,10,0730-0745,907
NB,11,0730-0745,762
NB,12,0730-0745,673
NB,13,0730-0745,466
NB,14,0730-0745,253
NB,15,0730-0745,155
SB,15,0730-0745,702
SB,14,0730-0745,"1,204"
SB,13,0730-0745,"1,825"
SB,12,0730-0745,"2,632"
SB,11,0730-0745,"3,413"
SB,10,0730-0745,"3,638"
SB,9,0730-0745,"3,402"
SB,8,0730-0745,"3,511"
SB,7,0730-0745,"3,412"
SB,6,0730-0745,"2,657"
SB,5,0730-0745,"2,306"
SB,4,0730-0745,"1,101"
SB,3,0730-0745,918
SB,2,0730-0745,420
SB,1,0730-0745,210
NB,1,0745-0800,"1,027"
NB,2,0745-0800,"2,116"
NB,3,0745-0800,"2,707"
NB,4,0745-0800,"2,842"
NB,5,0745-0800,"3,331"
NB,6,0745-0800,"2,777"
NB,7,0745-0800,"1,881"
NB,8,0745-0800,"1,567"
NB,9,0745-0800,"1,363"
NB,10,0745-0800,"1,063"
NB,11,0745-0800,878
NB,12,0745-0800,756
NB,13,0745-0800,525
NB,14,0745-0800,281
NB,15,0745-0800,181
SB,15,0745-0800,778
SB,14,0745-0800,"1,329"
SB,13,0745-0800,"1,996"
SB,12,0745-0800,"2,793"
SB,11,0745-0800,"3,762"
SB,10,0745-0800,"4,072"
SB,9,0745-0800,"3,767"
SB,8,0745-0800,"4,045"
SB,7,0745-0800,"3,841"
SB,6,0745-0800,"3,039"
SB,5,0745-0800,"2,672"
SB,4,0745-0800,"1,274"
SB,3,0745-0800,"1,041"
SB,2,0745-0800,475
SB,1,0745-0800,235
NB,1,0800-0815,"1,167"
NB,2,0800-0815,"2,362"
NB,3,0800-0815,"3,094"
NB,4,0800-0815,"3,198"
NB,5,0800-0815,"3,787"
NB,6,0800-0815,"3,167"
NB,7,0800-0815,"2,097"
NB,8,0800-0815,"1,746"
NB,9,0800-0815,"1,504"
NB,10,0800-0815,"1,132"
NB,11,0800-0815,920
NB,12,0800-0815,793
NB,13,0800-0815,540
NB,14,0800-0815,292
NB,15,0800-0815,191
SB,15,0800-0815,780
SB,14,0800-0815,"1,376"
SB,13,0800-0815,"2,087"
SB,12,0800-0815,"2,977"
SB,11,0800-0815,"4,087"
SB,10,0800-0815,"4,427"
SB,9,0800-0815,"4,141"
SB,8,0800-0815,"4,465"
SB,7,0800-0815,"4,235"
SB,6,0800-0815,"3,360"
SB,5,0800-0815,"2,969"
SB,4,0800-0815,"1,400"
SB,3,0800-0815,"1,106"
SB,2,0800-0815,506
SB,1,0800-0815,253
NB,1,0815-0830,"1,219"
NB,2,0815-0830,"2,485"
NB,3,0815-0830,"3,269"
NB,4,0815-0830,"3,389"
NB,5,0815-0830,"4,061"
NB,6,0815-0830,"3,407"
NB,7,0815-0830,"2,204"
NB,8,0815-0830,"1,809"
NB,9,0815-0830,"1,576"
NB,10,0815-0830,"1,173"
NB,11,0815-0830,951
NB,12,0815-0830,806
NB,13,0815-0830,540
NB,14,0815-0830,294
NB,15,0815-0830,208
SB,15,0815-0830,773
SB,14,0815-0830,"1,402"
SB,13,0815-0830,"2,101"
SB,12,0815-0830,"2,951"
SB,11,0815-0830,"4,165"
SB,10,0815-0830,"4,587"
SB,9,0815-0830,"4,283"
SB,8,0815-0830,"4,700"
SB,7,0815-0830,"4,441"
SB,6,0815-0830,"3,523"
SB,5,0815-0830,"3,138"
SB,4,0815-0830,"1,462"
SB,3,0815-0830,"1,165"
SB,2,0815-0830,512
SB,1,0815-0830,265
NB,1,0830-0845,"1,207"
NB,2,0830-0845,"2,430"
NB,3,0830-0845,"3,294"
NB,4,0830-0845,"3,431"
NB,5,0830-0845,"4,093"
NB,6,0830-0845,"3,469"
NB,7,0830-0845,"2,217"
NB,8,0830-0845,"1,813"
NB,9,0830-0845,"1,573"
NB,10,0830-0845,"1,150"
NB,11,0830-0845,918
NB,12,0830-0845,766
NB,13,0830-0845,502
NB,14,0830-0845,281
NB,15,0830-0845,196
SB,15,0830-0845,739
SB,14,0830-0845,"1,356"
SB,13,0830-0845,"2,066"
SB,12,0830-0845,"2,956"
SB,11,0830-0845,"4,106"
SB,10,0830-0845,"4,575"
SB,9,0830-0845,"4,274"
SB,8,0830-0845,"4,683"
SB,7,0830-0845,"4,417"
SB,6,0830-0845,"3,493"
SB,5,0830-0845,"3,121"
SB,4,0830-0845,"1,439"
SB,3,0830-0845,"1,130"
SB,2,0830-0845,503
SB,1,0830-0845,260
NB,1,0845-0900,"1,126"
NB,2,0845-0900,"2,232"
NB,3,0845-0900,"3,058"
NB,4,0845-0900,"3,202"
NB,5,0845-0900,"3,941"
NB,6,0845-0900,"3,358"
NB,7,0845-0900,"2,140"
NB,8,0845-0900,"1,741"
NB,9,0845-0900,"1,515"
NB,10,0845-0900,"1,091"
NB,11,0845-0900,847
NB,12,0845-0900,693
NB,13,0845-0900,461
NB,14,0845-0900,260
NB,15,0845-0900,178
SB,15,0845-0900,674
SB,14,0845-0900,"1,271"
SB,13,0845-0900,"1,948"
SB,12,0845-0900,"2,791"
SB,11,0845-0900,"3,909"
SB,10,0845-0900,"4,352"
SB,9,0845-0900,"4,092"
SB,8,0845-0900,"4,572"
SB,7,0845-0900,"4,300"
SB,6,0845-0900,"3,366"
SB,5,0845-0900,"2,994"
SB,4,0845-0900,"1,357"
SB,3,0845-0900,"1,069"
SB,2,0845-0900,477
SB,1,0845-0900,252
NB,1,0900-0915,974
NB,2,0900-0915,"1,907"
NB,3,0900-0915,"2,679"
NB,4,0900-0915,"2,821"
NB,5,0900-0915,"3,554"
NB,6,0900-0915,"3,066"
NB,7,0900-0915,"2,004"
NB,8,0900-0915,"1,625"
NB,9,0900-0915,"1,402"
NB,10,0900-0915,976
NB,11,0900-0915,752
NB,12,0900-0915,597
NB,13,0900-0915,407
NB,14,0900-0915,233
NB,15,0900-0915,151
SB,15,0900-0915,564
SB,14,0900-0915,"1,089"
SB,13,0900-0915,"1,689"
SB,12,0900-0915,"2,498"
SB,11,0900-0915,"3,496"
SB,10,0900-0915,"3,946"
SB,9,0900-0915,"3,732"
SB,8,0900-0915,"4,212"
SB,7,0900-0915,"3,943"
SB,6,0900-0915,"3,066"
SB,5,0900-0915,"2,711"
SB,4,0900-0915,"1,211"
SB,3,0900-0915,955
SB,2,0900-0915,435
SB,1,0900-0915,235
NB,1,0915-0930,775
NB,2,0915-0930,"1,526"
NB,3,0915-0930,"2,226"
NB,4,0915-0930,"2,353"
NB,5,0915-0930,"3,057"
NB,6,0915-0930,"2,665"
NB,7,0915-0930,"1,756"
NB,8,0915-0930,"1,441"
NB,9,0915-0930,"1,246"
NB,10,0915-0930,854
NB,11,0915-0930,642
NB,12,0915-0930,508
NB,13,0915-0930,346
NB,14,0915-0930,202
NB,15,0915-0930,130
SB,15,0915-0930,476
SB,14,0915-0930,908
SB,13,0915-0930,"1,409"
SB,12,0915-0930,"2,127"
SB,11,0915-0930,"2,996"
SB,10,0915-0930,"3,356"
SB,9,0915-0930,"3,155"
SB,8,0915-0930,"3,629"
SB,7,0915-0930,"3,368"
SB,6,0915-0930,"2,610"
SB,5,0915-0930,"2,305"
SB,4,0915-0930,"1,031"
SB,3,0915-0930,828
SB,2,0915-0930,380
SB,1,0915-0930,221
NB,1,0930-0945,624
NB,2,0930-0945,"1,205"
NB,3,0930-0945,"1,827"
NB,4,0930-0945,"1,942"
NB,5,0930-0945,"2,596"
NB,6,0930-0945,"2,288"
NB,7,0930-0945,"1,580"
NB,8,0930-0945,"1,322"
NB,9,0930-0945,"1,105"
NB,10,0930-0945,746
NB,11,0930-0945,552
NB,12,0930-0945,423
NB,13,0930-0945,297
NB,14,0930-0945,170
NB,15,0930-0945,105
SB,15,0930-0945,405
SB,14,0930-0945,778
SB,13,0930-0945,"1,191"
SB,12,0930-0945,"1,856"
SB,11,0930-0945,"2,565"
SB,10,0930-0945,"2,907"
SB,9,0930-0945,"2,691"
SB,8,0930-0945,"3,146"
SB,7,0930-0945,"2,861"
SB,6,0930-0945,"2,213"
SB,5,0930-0945,"1,915"
SB,4,0930-0945,864
SB,3,0930-0945,676
SB,2,0930-0945,335
SB,1,0930-0945,198
NB,1,0945-1000,511
NB,2,0945-1000,990
NB,3,0945-1000,"1,515"
NB,4,0945-1000,"1,599"
NB,5,0945-1000,"2,259"
NB,6,0945-1000,"2,022"
NB,7,0945-1000,"1,467"
NB,8,0945-1000,"1,237"
NB,9,0945-1000,"1,032"
NB,10,0945-1000,695
NB,11,0945-1000,515
NB,12,0945-1000,389
NB,13,0945-1000,270
NB,14,0945-1000,156
NB,15,0945-1000,92
SB,15,0945-1000,331
SB,14,0945-1000,628
SB,13,0945-1000,"1,018"
SB,12,0945-1000,"1,586"
SB,11,0945-1000,"2,230"
SB,10,0945-1000,"2,503"
SB,9,0945-1000,"2,370"
SB,8,0945-1000,"2,777"
SB,7,0945-1000,"2,509"
SB,6,0945-1000,"1,969"
SB,5,0945-1000,"1,666"
SB,4,0945-1000,771
SB,3,0945-1000,617
SB,2,0945-1000,310
SB,1,0945-1000,192
NB,1,1000-1015,436
NB,2,1000-1015,829
NB,3,1000-1015,"1,309"
NB,4,1000-1015,"1,376"
NB,5,1000-1015,"1,980"
NB,6,1000-1015,"1,809"
NB,7,1000-1015,"1,353"
NB,8,1000-1015,"1,167"
NB,9,1000-1015,964
NB,10,1000-1015,655
NB,11,1000-1015,502
NB,12,1000-1015,378
NB,13,1000-1015,255
NB,14,1000-1015,145
NB,15,1000-1015,88
SB,15,1000-1015,280
SB,14,1000-1015,519
SB,13,1000-1015,849
SB,12,1000-1015,"1,336"
SB,11,1000-1015,"1,908"
SB,10,1000-1015,"2,170"
SB,9,1000-1015,"2,135"
SB,8,1000-1015,"2,436"
SB,7,1000-1015,"2,268"
SB,6,1000-1015,"1,802"
SB,5,1000-1015,"1,532"
SB,4,1000-1015,706
SB,3,1000-1015,536
SB,2,1000-1015,289
SB,1,1000-1015,184
NB,1,1015-1030,362
NB,2,1015-1030,717
NB,3,1015-1030,"1,128"
NB,4,1015-1030,"1,212"
NB,5,1015-1030,"1,801"
NB,6,1015-1030,"1,641"
NB,7,1015-1030,"1,249"
NB,8,1015-1030,"1,090"
NB,9,1015-1030,920
NB,10,1015-1030,612
NB,11,1015-1030,483
NB,12,1015-1030,365
NB,13,1015-1030,236
NB,14,1015-1030,136
NB,15,1015-1030,83
SB,15,1015-1030,246
SB,14,1015-1030,442
SB,13,1015-1030,756
SB,12,1015-1030,"1,160"
SB,11,1015-1030,"1,646"
SB,10,1015-1030,"1,874"
SB,9,1015-1030,"1,910"
SB,8,1015-1030,"2,164"
SB,7,1015-1030,"1,973"
SB,6,1015-1030,"1,663"
SB,5,1015-1030,"1,409"
SB,4,1015-1030,655
SB,3,1015-1030,509
SB,2,1015-1030,269
SB,1,1015-1030,174
NB,1,1030-1045,330
NB,2,1030-1045,650
NB,3,1030-1045,"1,019"
NB,4,1030-1045,"1,076"
NB,5,1030-1045,"1,669"
NB,6,1030-1045,"1,555"
NB,7,1030-1045,"1,236"
NB,8,1030-1045,"1,097"
NB,9,1030-1045,890
NB,10,1030-1045,612
NB,11,1030-1045,478
NB,12,1030-1045,346
NB,13,1030-1045,234
NB,14,1030-1045,132
NB,15,1030-1045,85
SB,15,1030-1045,237
SB,14,1030-1045,423
SB,13,1030-1045,698
SB,12,1030-1045,"1,060"
SB,11,1030-1045,"1,480"
SB,10,1030-1045,"1,716"
SB,9,1030-1045,"1,767"
SB,8,1030-1045,"2,046"
SB,7,1030-1045,"1,890"
SB,6,1030-1045,"1,541"
SB,5,1030-1045,"1,313"
SB,4,1030-1045,607
SB,3,1030-1045,476
SB,2,1030-1045,262
SB,1,1030-1045,165
NB,1,1045-1100,316
NB,2,1045-1100,620
NB,3,1045-1100,970
NB,4,1045-1100,"1,030"
NB,5,1045-1100,"1,572"
NB,6,1045-1100,"1,468"
NB,7,1045-1100,"1,197"
NB,8,1045-1100,"1,114"
NB,9,1045-1100,909
NB,10,1045-1100,599
NB,11,1045-1100,495
NB,12,1045-1100,362
NB,13,1045-1100,229
NB,14,1045-1100,137
NB,15,1045-1100,90
SB,15,1045-1100,231
SB,14,1045-1100,410
SB,13,1045-1100,679
SB,12,1045-1100,"1,026"
SB,11,1045-1100,"1,425"
SB,10,1045-1100,"1,584"
SB,9,1045-1100,"1,762"
SB,8,1045-1100,"1,896"
SB,7,1045-1100,"1,850"
SB,6,1045-1100,"1,503"
SB,5,1045-1100,"1,296"
SB,4,1045-1100,600
SB,3,1045-1100,464
SB,2,1045-1100,267
SB,1,1045-1100,166
NB,1,1100-1115,304
NB,2,1100-1115,594
NB,3,1100-1115,908
NB,4,1100-1115,"1,005"
NB,5,1100-1115,"1,552"
NB,6,1100-1115,"1,472"
NB,7,1100-1115,"1,205"
NB,8,1100-1115,"1,100"
NB,9,1100-1115,932
NB,10,1100-1115,623
NB,11,1100-1115,517
NB,12,1100-1115,379
NB,13,1100-1115,243
NB,14,1100-1115,138
NB,15,1100-1115,94
SB,15,1100-1115,219
SB,14,1100-1115,380
SB,13,1100-1115,637
SB,12,1100-1115,957
SB,11,1100-1115,"1,356"
SB,10,1100-1115,"1,535"
SB,9,1100-1115,"1,714"
SB,8,1100-1115,"1,851"
SB,7,1100-1115,"1,773"
SB,6,1100-1115,"1,477"
SB,5,1100-1115,"1,306"
SB,4,1100-1115,600
SB,3,1100-1115,458
SB,2,1100-1115,270
SB,1,1100-1115,161
NB,1,1115-1130,280
NB,2,1115-1130,562
NB,3,1115-1130,867
NB,4,1115-1130,947
NB,5,1115-1130,"1,546"
NB,6,1115-1130,"1,497"
NB,7,1115-1130,"1,228"
NB,8,1115-1130,"1,148"
NB,9,1115-1130,927
NB,10,1115-1130,636
NB,11,1115-1130,522
NB,12,1115-1130,376
NB,13,1115-1130,254
NB,14,1115-1130,149
NB,15,1115-1130,101
SB,15,1115-1130,215
SB,14,1115-1130,363
SB,13,1115-1130,587
SB,12,1115-1130,900
SB,11,1115-1130,"1,295"
SB,10,1115-1130,"1,469"
SB,9,1115-1130,"1,592"
SB,8,1115-1130,"1,816"
SB,7,1115-1130,"1,689"
SB,6,1115-1130,"1,391"
SB,5,1115-1130,"1,245"
SB,4,1115-1130,591
SB,3,1115-1130,488
SB,2,1115-1130,278
SB,1,1115-1130,168
NB,1,1130-1145,281
NB,2,1130-1145,555
NB,3,1130-1145,852
NB,4,1130-1145,915
NB,5,1130-1145,"1,463"
NB,6,1130-1145,"1,435"
NB,7,1130-1145,"1,220"
NB,8,1130-1145,"1,199"
NB,9,1130-1145,946
NB,10,1130-1145,667
NB,11,1130-1145,550
NB,12,1130-1145,405
NB,13,1130-1145,259
NB,14,1130-1145,157
NB,15,1130-1145,106
SB,15,1130-1145,216
SB,14,1130-1145,370
SB,13,1130-1145,575
SB,12,1130-1145,904
SB,11,1130-1145,"1,260"
SB,10,1130-1145,"1,412"
SB,9,1130-1145,"1,538"
SB,8,1130-1145,"1,720"
SB,7,1130-1145,"1,714"
SB,6,1130-1145,"1,349"
SB,5,1130-1145,"1,232"
SB,4,1130-1145,583
SB,3,1130-1145,457
SB,2,1130-1145,290
SB,1,1130-1145,176
NB,1,1145-1200,279
NB,2,1145-1200,543
NB,3,1145-1200,845
NB,4,1145-1200,957
NB,5,1145-1200,"1,490"
NB,6,1145-1200,"1,457"
NB,7,1145-1200,"1,235"
NB,8,1145-1200,"1,178"
NB,9,1145-1200,995
NB,10,1145-1200,691
NB,11,1145-1200,598
NB,12,1145-1200,440
NB,13,1145-1200,276
NB,14,1145-1200,163
NB,15,1145-1200,104
SB,15,1145-1200,207
SB,14,1145-1200,355
SB,13,1145-1200,598
SB,12,1145-1200,870
SB,11,1145-1200,"1,231"
SB,10,1145-1200,"1,390"
SB,9,1145-1200,"1,570"
SB,8,1145-1200,"1,690"
SB,7,1145-1200,"1,637"
SB,6,1145-1200,"1,382"
SB,5,1145-1200,"1,270"
SB,4,1145-1200,608
SB,3,1145-1200,488
SB,2,1145-1200,303
SB,1,1145-1200,180
NB,1,1200-1215,276
NB,2,1200-1215,536
NB,3,1200-1215,839
NB,4,1200-1215,928
NB,5,1200-1215,"1,551"
NB,6,1200-1215,"1,550"
NB,7,1200-1215,"1,311"
NB,8,1200-1215,"1,231"
NB,9,1200-1215,"1,015"
NB,10,1200-1215,768
NB,11,1200-1215,637
NB,12,1200-1215,460
NB,13,1200-1215,309
NB,14,1200-1215,173
NB,15,1200-1215,111
SB,15,1200-1215,210
SB,14,1200-1215,356
SB,13,1200-1215,562
SB,12,1200-1215,850
SB,11,1200-1215,"1,185"
SB,10,1200-1215,"1,355"
SB,9,1200-1215,"1,541"
SB,8,1200-1215,"1,724"
SB,7,1200-1215,"1,631"
SB,6,1200-1215,"1,351"
SB,5,1200-1215,"1,260"
SB,4,1200-1215,610
SB,3,1200-1215,520
SB,2,1200-1215,320
SB,1,1200-1215,190
NB,1,1215-1230,277
NB,2,1215-1230,531
NB,3,1215-1230,845
NB,4,1215-1230,928
NB,5,1215-1230,"1,505"
NB,6,1215-1230,"1,481"
NB,7,1215-1230,"1,293"
NB,8,1215-1230,"1,297"
NB,9,1215-1230,"1,036"
NB,10,1215-1230,776
NB,11,1215-1230,669
NB,12,1215-1230,485
NB,13,1215-1230,313
NB,14,1215-1230,191
NB,15,1215-1230,122
SB,15,1215-1230,208
SB,14,1215-1230,356
SB,13,1215-1230,563
SB,12,1215-1230,863
SB,11,1215-1230,"1,185"
SB,10,1215-1230,"1,336"
SB,9,1215-1230,"1,476"
SB,8,1215-1230,"1,653"
SB,7,1215-1230,"1,680"
SB,6,1215-1230,"1,353"
SB,5,1215-1230,"1,268"
SB,4,1215-1230,623
SB,3,1215-1230,519
SB,2,1215-1230,327
SB,1,1215-1230,200
NB,1,1230-1245,278
NB,2,1230-1245,511
NB,3,1230-1245,802
NB,4,1230-1245,931
NB,5,1230-1245,"1,485"
NB,6,1230-1245,"1,481"
NB,7,1230-1245,"1,334"
NB,8,1230-1245,"1,295"
NB,9,1230-1245,"1,105"
NB,10,1230-1245,832
NB,11,1230-1245,731
NB,12,1230-1245,538
NB,13,1230-1245,337
NB,14,1230-1245,197
NB,15,1230-1245,123
SB,15,1230-1245,201
SB,14,1230-1245,351
SB,13,1230-1245,580
SB,12,1230-1245,840
SB,11,1230-1245,"1,166"
SB,10,1230-1245,"1,337"
SB,9,1230-1245,"1,514"
SB,8,1230-1245,"1,638"
SB,7,1230-1245,"1,612"
SB,6,1230-1245,"1,373"
SB,5,1230-1245,"1,307"
SB,4,1230-1245,653
SB,3,1230-1245,536
SB,2,1230-1245,347
SB,1,1230-1245,196
NB,1,1245-1300,275
NB,2,1245-1300,505
NB,3,1245-1300,804
NB,4,1245-1300,907
NB,5,1245-1300,"1,556"
NB,6,1245-1300,"1,575"
NB,7,1245-1300,"1,417"
NB,8,1245-1300,"1,345"
NB,9,1245-1300,"1,123"
NB,10,1245-1300,898
NB,11,1245-1300,766
NB,12,1245-1300,554
NB,13,1245-1300,375
NB,14,1245-1300,219
NB,15,1245-1300,136
SB,15,1245-1300,200
SB,14,1245-1300,348
SB,13,1245-1300,561
SB,12,1245-1300,842
SB,11,1245-1300,"1,186"
SB,10,1245-1300,"1,342"
SB,9,1245-1300,"1,460"
SB,8,1245-1300,"1,673"
SB,7,1245-1300,"1,601"
SB,6,1245-1300,"1,380"
SB,5,1245-1300,"1,311"
SB,4,1245-1300,681
SB,3,1245-1300,604
SB,2,1245-1300,376
SB,1,1245-1300,208
NB,1,1300-1315,276
NB,2,1300-1315,503
NB,3,1300-1315,785
NB,4,1300-1315,878
NB,5,1300-1315,"1,481"
NB,6,1300-1315,"1,499"
NB,7,1300-1315,"1,423"
NB,8,1300-1315,"1,444"
NB,9,1300-1315,"1,181"
NB,10,1300-1315,943
NB,11,1300-1315,808
NB,12,1300-1315,596
NB,13,1300-1315,390
NB,14,1300-1315,240
NB,15,1300-1315,153
SB,15,1300-1315,198
SB,14,1300-1315,346
SB,13,1300-1315,551
SB,12,1300-1315,843
SB,11,1300-1315,"1,157"
SB,10,1300-1315,"1,300"
SB,9,1300-1315,"1,445"
SB,8,1300-1315,"1,634"
SB,7,1300-1315,"1,661"
SB,6,1300-1315,"1,392"
SB,5,1300-1315,"1,359"
SB,4,1300-1315,712
SB,3,1300-1315,595
SB,2,1300-1315,402
SB,1,1300-1315,225
NB,1,1315-1330,263
NB,2,1315-1330,479
NB,3,1315-1330,753
NB,4,1315-1330,887
NB,5,1315-1330,"1,462"
NB,6,1315-1330,"1,483"
NB,7,1315-1330,"1,422"
NB,8,1315-1330,"1,393"
NB,9,1315-1330,"1,223"
NB,10,1315-1330,974
NB,11,1315-1330,864
NB,12,1315-1330,631
NB,13,1315-1330,400
NB,14,1315-1330,248
NB,15,1315-1330,155
SB,15,1315-1330,180
SB,14,1315-1330,316
SB,13,1315-1330,553
SB,12,1315-1330,799
SB,11,1315-1330,"1,148"
SB,10,1315-1330,"1,301"
SB,9,1315-1330,"1,409"
SB,8,1315-1330,"1,586"
SB,7,1315-1330,"1,569"
SB,6,1315-1330,"1,412"
SB,5,1315-1330,"1,393"
SB,4,1315-1330,740
SB,3,1315-1330,626
SB,2,1315-1330,413
SB,1,1315-1330,227
NB,1,1330-1345,253
NB,2,1330-1345,462
NB,3,1330-1345,724
NB,4,1330-1345,833
NB,5,1330-1345,"1,496"
NB,6,1330-1345,"1,568"
NB,7,1330-1345,"1,529"
NB,8,1330-1345,"1,467"
NB,9,1330-1345,"1,246"
NB,10,1330-1345,"1,059"
NB,11,1330-1345,899
NB,12,1330-1345,651
NB,13,1330-1345,439
NB,14,1330-1345,260
NB,15,1330-1345,163
SB,15,1330-1345,179
SB,14,1330-1345,312
SB,13,1330-1345,512
SB,12,1330-1345,768
SB,11,1330-1345,"1,056"
SB,10,1330-1345,"1,197"
SB,9,1330-1345,"1,417"
SB,8,1330-1345,"1,588"
SB,7,1330-1345,"1,516"
SB,6,1330-1345,"1,376"
SB,5,1330-1345,"1,368"
SB,4,1330-1345,739
SB,3,1330-1345,657
SB,2,1330-1345,436
SB,1,1330-1345,235
NB,1,1345-1400,257
NB,2,1345-1400,471
NB,3,1345-1400,740
NB,4,1345-1400,842
NB,5,1345-1400,"1,465"
NB,6,1345-1400,"1,500"
NB,7,1345-1400,"1,520"
NB,8,1345-1400,"1,556"
NB,9,1345-1400,"1,284"
NB,10,1345-1400,"1,073"
NB,11,1345-1400,939
NB,12,1345-1400,681
NB,13,1345-1400,442
NB,14,1345-1400,279
NB,15,1345-1400,175
SB,15,1345-1400,182
SB,14,1345-1400,316
SB,13,1345-1400,507
SB,12,1345-1400,778
SB,11,1345-1400,"1,070"
SB,10,1345-1400,"1,198"
SB,9,1345-1400,"1,364"
SB,8,1345-1400,"1,548"
SB,7,1345-1400,"1,587"
SB,6,1345-1400,"1,427"
SB,5,1345-1400,"1,405"
SB,4,1345-1400,769
SB,3,1345-1400,668
SB,2,1345-1400,441
SB,1,1345-1400,252
NB,1,1400-1415,251
NB,2,1400-1415,456
NB,3,1400-1415,706
NB,4,1400-1415,851
NB,5,1400-1415,"1,452"
NB,6,1400-1415,"1,516"
NB,7,1400-1415,"1,564"
NB,8,1400-1415,"1,564"
NB,9,1400-1415,"1,376"
NB,10,1400-1415,"1,140"
NB,11,1400-1415,"1,014"
NB,12,1400-1415,747
NB,13,1400-1415,473
NB,14,1400-1415,281
NB,15,1400-1415,173
SB,15,1400-1415,171
SB,14,1400-1415,289
SB,13,1400-1415,493
SB,12,1400-1415,724
SB,11,1400-1415,"1,023"
SB,10,1400-1415,"1,183"
SB,9,1400-1415,"1,396"
SB,8,1400-1415,"1,534"
SB,7,1400-1415,"1,521"
SB,6,1400-1415,"1,462"
SB,5,1400-1415,"1,471"
SB,4,1400-1415,810
SB,3,1400-1415,692
SB,2,1400-1415,462
SB,1,1400-1415,255
NB,1,1415-1430,243
NB,2,1415-1430,444
NB,3,1415-1430,707
NB,4,1415-1430,824
NB,5,1415-1430,"1,520"
NB,6,1415-1430,"1,614"
NB,7,1415-1430,"1,634"
NB,8,1415-1430,"1,599"
NB,9,1415-1430,"1,365"
NB,10,1415-1430,"1,210"
NB,11,1415-1430,"1,049"
NB,12,1415-1430,754
NB,13,1415-1430,509
NB,14,1415-1430,302
NB,15,1415-1430,184
SB,15,1415-1430,169
SB,14,1415-1430,284
SB,13,1415-1430,461
SB,12,1415-1430,707
SB,11,1415-1430,993
SB,10,1415-1430,"1,135"
SB,9,1415-1430,"1,314"
SB,8,1415-1430,"1,526"
SB,7,1415-1430,"1,483"
SB,6,1415-1430,"1,449"
SB,5,1415-1430,"1,442"
SB,4,1415-1430,818
SB,3,1415-1430,752
SB,2,1415-1430,482
SB,1,1415-1430,265
NB,1,1430-1445,247
NB,2,1430-1445,449
NB,3,1430-1445,708
NB,4,1430-1445,822
NB,5,1430-1445,"1,504"
NB,6,1430-1445,"1,582"
NB,7,1430-1445,"1,687"
NB,8,1430-1445,"1,760"
NB,9,1430-1445,"1,460"
NB,10,1430-1445,"1,278"
NB,11,1430-1445,"1,112"
NB,12,1430-1445,817
NB,13,1430-1445,523
NB,14,1430-1445,326
NB,15,1430-1445,199
SB,15,1430-1445,173
SB,14,1430-1445,291
SB,13,1430-1445,446
SB,12,1430-1445,709
SB,11,1430-1445,981
SB,10,1430-1445,"1,095"
SB,9,1430-1445,"1,303"
SB,8,1430-1445,"1,487"
SB,7,1430-1445,"1,550"
SB,6,1430-1445,"1,505"
SB,5,1430-1445,"1,502"
SB,4,1430-1445,856
SB,3,1430-1445,741
SB,2,1430-1445,513
SB,1,1430-1445,281
NB,1,1445-1500,246
NB,2,1445-1500,449
NB,3,1445-1500,721
NB,4,1445-1500,884
NB,5,1445-1500,"1,572"
NB,6,1445-1500,"1,659"
NB,7,1445-1500,"1,766"
NB,8,1445-1500,"1,776"
NB,9,1445-1500,"1,591"
NB,10,1445-1500,"1,377"
NB,11,1445-1500,"1,240"
NB,12,1445-1500,910
NB,13,1445-1500,573
NB,14,1445-1500,347
NB,15,1445-1500,207
SB,15,1445-1500,166
SB,14,1445-1500,279
SB,13,1445-1500,456
SB,12,1445-1500,720
SB,11,1445-1500,995
SB,10,1445-1500,"1,147"
SB,9,1445-1500,"1,308"
SB,8,1445-1500,"1,499"
SB,7,1445-1500,"1,548"
SB,6,1445-1500,"1,584"
SB,5,1445-1500,"1,596"
SB,4,1445-1500,933
SB,3,1445-1500,804
SB,2,1445-1500,563
SB,1,1445-1500,301
NB,1,1500-1515,248
NB,2,1500-1515,456
NB,3,1500-1515,749
NB,4,1500-1515,909
NB,5,1500-1515,"1,666"
NB,6,1500-1515,"1,796"
NB,7,1500-1515,"1,923"
NB,8,1500-1515,"1,916"
NB,9,1500-1515,"1,722"
NB,10,1500-1515,"1,540"
NB,11,1500-1515,"1,366"
NB,12,1500-1515,973
NB,13,1500-1515,666
NB,14,1500-1515,386
NB,15,1500-1515,234
SB,15,1500-1515,168
SB,14,1500-1515,279
SB,13,1500-1515,437
SB,12,1500-1515,700
SB,11,1500-1515,985
SB,10,1500-1515,"1,137"
SB,9,1500-1515,"1,317"
SB,8,1500-1515,"1,520"
SB,7,1500-1515,"1,568"
SB,6,1500-1515,"1,637"
SB,5,1500-1515,"1,690"
SB,4,1500-1515,997
SB,3,1500-1515,898
SB,2,1500-1515,614
SB,1,1500-1515,320
NB,1,1515-1530,248
NB,2,1515-1530,458
NB,3,1515-1530,784
NB,4,1515-1530,973
NB,5,1515-1530,"1,808"
NB,6,1515-1530,"1,923"
NB,7,1515-1530,"2,058"
NB,8,1515-1530,"2,099"
NB,9,1515-1530,"1,797"
NB,10,1515-1530,"1,637"
NB,11,1515-1530,"1,464"
NB,12,1515-1530,"1,079"
NB,13,1515-1530,715
NB,14,1515-1530,436
NB,15,1515-1530,269
SB,15,1515-1530,176
SB,14,1515-1530,295
SB,13,1515-1530,456
SB,12,1515-1530,734
SB,11,1515-1530,986
SB,10,1515-1530,"1,116"
SB,9,1515-1530,"1,341"
SB,8,1515-1530,"1,543"
SB,7,1515-1530,"1,624"
SB,6,1515-1530,"1,692"
SB,5,1515-1530,"1,753"
SB,4,1515-1530,"1,055"
SB,3,1515-1530,965
SB,2,1515-1530,660
SB,1,1515-1530,354
NB,1,1530-1545,266
NB,2,1530-1545,476
NB,3,1530-1545,821
NB,4,1530-1545,"1,034"
NB,5,1530-1545,"1,905"
NB,6,1530-1545,"2,049"
NB,7,1530-1545,"2,257"
NB,8,1530-1545,"2,299"
NB,9,1530-1545,"1,989"
NB,10,1530-1545,"1,858"
NB,11,1530-1545,"1,645"
NB,12,1530-1545,"1,225"
NB,13,1530-1545,782
NB,14,1530-1545,473
NB,15,1530-1545,290
SB,15,1530-1545,179
SB,14,1530-1545,295
SB,13,1530-1545,464
SB,12,1530-1545,740
SB,11,1530-1545,"1,009"
SB,10,1530-1545,"1,162"
SB,9,1530-1545,"1,447"
SB,8,1530-1545,"1,610"
SB,7,1530-1545,"1,710"
SB,6,1530-1545,"1,844"
SB,5,1530-1545,"1,925"
SB,4,1530-1545,"1,142"
SB,3,1530-1545,"1,025"
SB,2,1530-1545,723
SB,1,1530-1545,376
NB,1,1545-1600,278
NB,2,1545-1600,503
NB,3,1545-1600,896
NB,4,1545-1600,"1,128"
NB,5,1545-1600,"2,164"
NB,6,1545-1600,"2,370"
NB,7,1545-1600,"2,548"
NB,8,1545-1600,"2,565"
NB,9,1545-1600,"2,237"
NB,10,1545-1600,"2,165"
NB,11,1545-1600,"1,896"
NB,12,1545-1600,"1,410"
NB,13,1545-1600,938
NB,14,1545-1600,551
NB,15,1545-1600,338
SB,15,1545-1600,194
SB,14,1545-1600,319
SB,13,1545-1600,509
SB,12,1545-1600,805
SB,11,1545-1600,"1,072"
SB,10,1545-1600,"1,239"
SB,9,1545-1600,"1,522"
SB,8,1545-1600,"1,738"
SB,7,1545-1600,"1,821"
SB,6,1545-1600,"1,979"
SB,5,1545-1600,"2,105"
SB,4,1545-1600,"1,271"
SB,3,1545-1600,"1,184"
SB,2,1545-1600,813
SB,1,1545-1600,419
NB,1,1600-1615,294
NB,2,1600-1615,542
NB,3,1600-1615,977
NB,4,1600-1615,"1,207"
NB,5,1600-1615,"2,336"
NB,6,1600-1615,"2,552"
NB,7,1600-1615,"2,815"
NB,8,1600-1615,"2,923"
NB,9,1600-1615,"2,475"
NB,10,1600-1615,"2,354"
NB,11,1600-1615,"2,181"
NB,12,1600-1615,"1,607"
NB,13,1600-1615,"1,051"
NB,14,1600-1615,636
NB,15,1600-1615,396
SB,15,1600-1615,218
SB,14,1600-1615,362
SB,13,1600-1615,549
SB,12,1600-1615,842
SB,11,1600-1615,"1,134"
SB,10,1600-1615,"1,314"
SB,9,1600-1615,"1,609"
SB,8,1600-1615,"1,829"
SB,7,1600-1615,"1,978"
SB,6,1600-1615,"2,173"
SB,5,1600-1615,"2,308"
SB,4,1600-1615,"1,400"
SB,3,1600-1615,"1,291"
SB,2,1600-1615,909
SB,1,1600-1615,466
NB,1,1615-1630,310
NB,2,1615-1630,575
NB,3,1615-1630,"1,048"
NB,4,1615-1630,"1,319"
NB,5,1615-1630,"2,562"
NB,6,1615-1630,"2,804"
NB,7,1615-1630,"3,124"
NB,8,1615-1630,"3,250"
NB,9,1615-1630,"2,761"
NB,10,1615-1630,"2,661"
NB,11,1615-1630,"2,456"
NB,12,1615-1630,"1,846"
NB,13,1615-1630,"1,201"
NB,14,1615-1630,731
NB,15,1615-1630,447
SB,15,1615-1630,233
SB,14,1615-1630,380
SB,13,1615-1630,588
SB,12,1615-1630,911
SB,11,1615-1630,"1,190"
SB,10,1615-1630,"1,362"
SB,9,1615-1630,"1,730"
SB,8,1615-1630,"1,926"
SB,7,1615-1630,"2,083"
SB,6,1615-1630,"2,324"
SB,5,1615-1630,"2,470"
SB,4,1615-1630,"1,514"
SB,3,1615-1630,"1,399"
SB,2,1615-1630,"1,008"
SB,1,1615-1630,515
NB,1,1630-1645,337
NB,2,1630-1645,619
NB,3,1630-1645,"1,149"
NB,4,1630-1645,"1,404"
NB,5,1630-1645,"2,773"
NB,6,1630-1645,"3,025"
NB,7,1630-1645,"3,459"
NB,8,1630-1645,"3,609"
NB,9,1630-1645,"3,092"
NB,10,1630-1645,"3,030"
NB,11,1630-1645,"2,799"
NB,12,1630-1645,"2,071"
NB,13,1630-1645,"1,341"
NB,14,1630-1645,822
NB,15,1630-1645,496
SB,15,1630-1645,250
SB,14,1630-1645,410
SB,13,1630-1645,617
SB,12,1630-1645,966
SB,11,1630-1645,"1,255"
SB,10,1630-1645,"1,458"
SB,9,1630-1645,"1,834"
SB,8,1630-1645,"2,019"
SB,7,1630-1645,"2,253"
SB,6,1630-1645,"2,583"
SB,5,1630-1645,"2,745"
SB,4,1630-1645,"1,674"
SB,3,1630-1645,"1,547"
SB,2,1630-1645,"1,117"
SB,1,1630-1645,553
NB,1,1645-1700,380
NB,2,1645-1700,680
NB,3,1645-1700,"1,260"
NB,4,1645-1700,"1,570"
NB,5,1645-1700,"3,084"
NB,6,1645-1700,"3,356"
NB,7,1645-1700,"3,874"
NB,8,1645-1700,"4,071"
NB,9,1645-1700,"3,529"
NB,10,1645-1700,"3,401"
NB,11,1645-1700,"3,215"
NB,12,1645-1700,"2,334"
NB,13,1645-1700,"1,572"
NB,14,1645-1700,961
NB,15,1645-1700,570
SB,15,1645-1700,278
SB,14,1645-1700,452
SB,13,1645-1700,694
SB,12,1645-1700,"1,081"
SB,11,1645-1700,"1,381"
SB,10,1645-1700,"1,561"
SB,9,1645-1700,"1,949"
SB,8,1645-1700,"2,150"
SB,7,1645-1700,"2,412"
SB,6,1645-1700,"2,813"
SB,5,1645-1700,"3,037"
SB,4,1645-1700,"1,898"
SB,3,1645-1700,"1,771"
SB,2,1645-1700,"1,266"
SB,1,1645-1700,628
NB,1,1700-1715,405
NB,2,1700-1715,738
NB,3,1700-1715,"1,353"
NB,4,1700-1715,"1,655"
NB,5,1700-1715,"3,267"
NB,6,1700-1715,"3,548"
NB,7,1700-1715,"4,204"
NB,8,1700-1715,"4,397"
NB,9,1700-1715,"3,827"
NB,10,1700-1715,"3,738"
NB,11,1700-1715,"3,550"
NB,12,1700-1715,"2,577"
NB,13,1700-1715,"1,709"
NB,14,1700-1715,"1,075"
NB,15,1700-1715,634
SB,15,1700-1715,282
SB,14,1700-1715,463
SB,13,1700-1715,709
SB,12,1700-1715,"1,100"
SB,11,1700-1715,"1,439"
SB,10,1700-1715,"1,692"
SB,9,1700-1715,"2,101"
SB,8,1700-1715,"2,258"
SB,7,1700-1715,"2,552"
SB,6,1700-1715,"3,061"
SB,5,1700-1715,"3,314"
SB,4,1700-1715,"2,104"
SB,3,1700-1715,"1,973"
SB,2,1700-1715,"1,416"
SB,1,1700-1715,709
NB,1,1715-1730,443
NB,2,1715-1730,770
NB,3,1715-1730,"1,416"
NB,4,1715-1730,"1,739"
NB,5,1715-1730,"3,430"
NB,6,1715-1730,"3,757"
NB,7,1715-1730,"4,504"
NB,8,1715-1730,"4,739"
NB,9,1715-1730,"4,140"
NB,10,1715-1730,"4,158"
NB,11,1715-1730,"3,833"
NB,12,1715-1730,"2,775"
NB,13,1715-1730,"1,901"
NB,14,1715-1730,"1,200"
NB,15,1715-1730,696
SB,15,1715-1730,283
SB,14,1715-1730,450
SB,13,1715-1730,723
SB,12,1715-1730,"1,126"
SB,11,1715-1730,"1,477"
SB,10,1715-1730,"1,703"
SB,9,1715-1730,"2,144"
SB,8,1715-1730,"2,312"
SB,7,1715-1730,"2,621"
SB,6,1715-1730,"3,236"
SB,5,1715-1730,"3,539"
SB,4,1715-1730,"2,317"
SB,3,1715-1730,"2,192"
SB,2,1715-1730,"1,592"
SB,1,1715-1730,805
NB,1,1730-1745,449
NB,2,1730-1745,785
NB,3,1730-1745,"1,444"
NB,4,1730-1745,"1,744"
NB,5,1730-1745,"3,516"
NB,6,1730-1745,"3,861"
NB,7,1730-1745,"4,700"
NB,8,1730-1745,"4,932"
NB,9,1730-1745,"4,328"
NB,10,1730-1745,"4,414"
NB,11,1730-1745,"4,028"
NB,12,1730-1745,"2,934"
NB,13,1730-1745,"1,960"
NB,14,1730-1745,"1,276"
NB,15,1730-1745,741
SB,15,1730-1745,276
SB,14,1730-1745,450
SB,13,1730-1745,728
SB,12,1730-1745,"1,111"
SB,11,1730-1745,"1,468"
SB,10,1730-1745,"1,727"
SB,9,1730-1745,"2,190"
SB,8,1730-1745,"2,345"
SB,7,1730-1745,"2,662"
SB,6,1730-1745,"3,398"
SB,5,1730-1745,"3,756"
SB,4,1730-1745,"2,509"
SB,3,1730-1745,"2,393"
SB,2,1730-1745,"1,758"
SB,1,1730-1745,883
NB,1,1745-1800,467
NB,2,1745-1800,796
NB,3,1745-1800,"1,431"
NB,4,1745-1800,"1,731"
NB,5,1745-1800,"3,460"
NB,6,1745-1800,"3,853"
NB,7,1745-1800,"4,775"
NB,8,1745-1800,"5,051"
NB,9,1745-1800,"4,484"
NB,10,1745-1800,"4,612"
NB,11,1745-1800,"4,159"
NB,12,1745-1800,"2,985"
NB,13,1745-1800,"2,069"
NB,14,1745-1800,"1,347"
NB,15,1745-1800,781
SB,15,1745-1800,279
SB,14,1745-1800,440
SB,13,1745-1800,725
SB,12,1745-1800,"1,098"
SB,11,1745-1800,"1,470"
SB,10,1745-1800,"1,705"
SB,9,1745-1800,"2,163"
SB,8,1745-1800,"2,339"
SB,7,1745-1800,"2,643"
SB,6,1745-1800,"3,423"
SB,5,1745-1800,"3,855"
SB,4,1745-1800,"2,644"
SB,3,1745-1800,"2,527"
SB,2,1745-1800,"1,886"
SB,1,1745-1800,947
NB,1,1800-1815,420
NB,2,1800-1815,754
NB,3,1800-1815,"1,347"
NB,4,1800-1815,"1,595"
NB,5,1800-1815,"3,230"
NB,6,1800-1815,"3,620"
NB,7,1800-1815,"4,554"
NB,8,1800-1815,"4,830"
NB,9,1800-1815,"4,309"
NB,10,1800-1815,"4,518"
NB,11,1800-1815,"4,006"
NB,12,1800-1815,"2,919"
NB,13,1800-1815,"1,982"
NB,14,1800-1815,"1,329"
NB,15,1800-1815,777
SB,15,1800-1815,252
SB,14,1800-1815,405
SB,13,1800-1815,667
SB,12,1800-1815,992
SB,11,1800-1815,"1,369"
SB,10,1800-1815,"1,657"
SB,9,1800-1815,"2,095"
SB,8,1800-1815,"2,239"
SB,7,1800-1815,"2,531"
SB,6,1800-1815,"3,321"
SB,5,1800-1815,"3,750"
SB,4,1800-1815,"2,648"
SB,3,1800-1815,"2,547"
SB,2,1800-1815,"1,899"
SB,1,1800-1815,966
NB,1,1815-1830,400
NB,2,1815-1830,685
NB,3,1815-1830,"1,213"
NB,4,1815-1830,"1,448"
NB,5,1815-1830,"2,911"
NB,6,1815-1830,"3,280"
NB,7,1815-1830,"4,186"
NB,8,1815-1830,"4,522"
NB,9,1815-1830,"4,048"
NB,10,1815-1830,"4,227"
NB,11,1815-1830,"3,721"
NB,12,1815-1830,"2,683"
NB,13,1815-1830,"1,872"
NB,14,1815-1830,"1,250"
NB,15,1815-1830,724
SB,15,1815-1830,232
SB,14,1815-1830,373
SB,13,1815-1830,624
SB,12,1815-1830,922
SB,11,1815-1830,"1,241"
SB,10,1815-1830,"1,453"
SB,9,1815-1830,"1,881"
SB,8,1815-1830,"2,040"
SB,7,1815-1830,"2,306"
SB,6,1815-1830,"3,074"
SB,5,1815-1830,"3,505"
SB,4,1815-1830,"2,516"
SB,3,1815-1830,"2,425"
SB,2,1815-1830,"1,839"
SB,1,1815-1830,935
NB,1,1830-1845,349
NB,2,1830-1845,619
NB,3,1830-1845,"1,072"
NB,4,1830-1845,"1,253"
NB,5,1830-1845,"2,548"
NB,6,1830-1845,"2,859"
NB,7,1830-1845,"3,729"
NB,8,1830-1845,"3,997"
NB,9,1830-1845,"3,613"
NB,10,1830-1845,"3,815"
NB,11,1830-1845,"3,281"
NB,12,1830-1845,"2,357"
NB,13,1830-1845,"1,626"
NB,14,1830-1845,"1,105"
NB,15,1830-1845,641
SB,15,1830-1845,203
SB,14,1830-1845,332
SB,13,1830-1845,549
SB,12,1830-1845,808
SB,11,1830-1845,"1,116"
SB,10,1830-1845,"1,319"
SB,9,1830-1845,"1,709"
SB,8,1830-1845,"1,839"
SB,7,1830-1845,"2,070"
SB,6,1830-1845,"2,775"
SB,5,1830-1845,"3,152"
SB,4,1830-1845,"2,296"
SB,3,1830-1845,"2,224"
SB,2,1830-1845,"1,652"
SB,1,1830-1845,843
NB,1,1845-1900,317
NB,2,1845-1900,552
NB,3,1845-1900,927
NB,4,1845-1900,"1,083"
NB,5,1845-1900,"2,180"
NB,6,1845-1900,"2,475"
NB,7,1845-1900,"3,260"
NB,8,1845-1900,"3,513"
NB,9,1845-1900,"3,220"
NB,10,1845-1900,"3,369"
NB,11,1845-1900,"2,891"
NB,12,1845-1900,"2,003"
NB,13,1845-1900,"1,415"
NB,14,1845-1900,963
NB,15,1845-1900,562
SB,15,1845-1900,188
SB,14,1845-1900,299
SB,13,1845-1900,500
SB,12,1845-1900,745
SB,11,1845-1900,987
SB,10,1845-1900,"1,172"
SB,9,1845-1900,"1,483"
SB,8,1845-1900,"1,656"
SB,7,1845-1900,"1,855"
SB,6,1845-1900,"2,482"
SB,5,1845-1900,"2,805"
SB,4,1845-1900,"2,072"
SB,3,1845-1900,"1,994"
SB,2,1845-1900,"1,465"
SB,1,1845-1900,749
NB,1,1900-1915,262
NB,2,1900-1915,471
NB,3,1900-1915,770
NB,4,1900-1915,892
NB,5,1900-1915,"1,826"
NB,6,1900-1915,"2,072"
NB,7,1900-1915,"2,784"
NB,8,1900-1915,"2,987"
NB,9,1900-1915,"2,748"
NB,10,1900-1915,"2,875"
NB,11,1900-1915,"2,427"
NB,12,1900-1915,"1,697"
NB,13,1900-1915,"1,180"
NB,14,1900-1915,820
NB,15,1900-1915,464
SB,15,1900-1915,153
SB,14,1900-1915,251
SB,13,1900-1915,427
SB,12,1900-1915,633
SB,11,1900-1915,841
SB,10,1900-1915,"1,016"
SB,9,1900-1915,"1,320"
SB,8,1900-1915,"1,430"
SB,7,1900-1915,"1,612"
SB,6,1900-1915,"2,196"
SB,5,1900-1915,"2,469"
SB,4,1900-1915,"1,832"
SB,3,1900-1915,"1,757"
SB,2,1900-1915,"1,277"
SB,1,1900-1915,664
NB,1,1915-1930,232
NB,2,1915-1930,399
NB,3,1915-1930,645
NB,4,1915-1930,744
NB,5,1915-1930,"1,524"
NB,6,1915-1930,"1,728"
NB,7,1915-1930,"2,366"
NB,8,1915-1930,"2,591"
NB,9,1915-1930,"2,378"
NB,10,1915-1930,"2,474"
NB,11,1915-1930,"2,080"
NB,12,1915-1930,"1,401"
NB,13,1915-1930,998
NB,14,1915-1930,692
NB,15,1915-1930,389
SB,15,1915-1930,135
SB,14,1915-1930,216
SB,13,1915-1930,361
SB,12,1915-1930,542
SB,11,1915-1930,714
SB,10,1915-1930,825
SB,9,1915-1930,"1,085"
SB,8,1915-1930,"1,230"
SB,7,1915-1930,"1,381"
SB,6,1915-1930,"1,884"
SB,5,1915-1930,"2,149"
SB,4,1915-1930,"1,582"
SB,3,1915-1930,"1,515"
SB,2,1915-1930,"1,117"
SB,1,1915-1930,578
NB,1,1930-1945,198
NB,2,1930-1945,342
NB,3,1930-1945,546
NB,4,1930-1945,625
NB,5,1930-1945,"1,305"
NB,6,1930-1945,"1,522"
NB,7,1930-1945,"2,115"
NB,8,1930-1945,"2,230"
NB,9,1930-1945,"2,041"
NB,10,1930-1945,"2,190"
NB,11,1930-1945,"1,795"
NB,12,1930-1945,"1,232"
NB,13,1930-1945,834
NB,14,1930-1945,598
NB,15,1930-1945,337
SB,15,1930-1945,119
SB,14,1930-1945,182
SB,13,1930-1945,306
SB,12,1930-1945,471
SB,11,1930-1945,620
SB,10,1930-1945,727
SB,9,1930-1945,975
SB,8,1930-1945,"1,074"
SB,7,1930-1945,"1,234"
SB,6,1930-1945,"1,695"
SB,5,1930-1945,"1,867"
SB,4,1930-1945,"1,398"
SB,3,1930-1945,"1,355"
SB,2,1930-1945,978
SB,1,1930-1945,505
NB,1,1945-2000,174
NB,2,1945-2000,299
NB,3,1945-2000,476
NB,4,1945-2000,543
NB,5,1945-2000,"1,160"
NB,6,1945-2000,"1,330"
NB,7,1945-2000,"1,850"
NB,8,1945-2000,"2,028"
NB,9,1945-2000,"1,876"
NB,10,1945-2000,"1,960"
NB,11,1945-2000,"1,618"
NB,12,1945-2000,"1,121"
NB,13,1945-2000,750
NB,14,1945-2000,538
NB,15,1945-2000,303
SB,15,1945-2000,105
SB,14,1945-2000,162
SB,13,1945-2000,284
SB,12,1945-2000,439
SB,11,1945-2000,555
SB,10,1945-2000,641
SB,9,1945-2000,881
SB,8,1945-2000,981
SB,7,1945-2000,"1,116"
SB,6,1945-2000,"1,581"
SB,5,1945-2000,"1,766"
SB,4,1945-2000,"1,296"
SB,3,1945-2000,"1,220"
SB,2,1945-2000,915
SB,1,1945-2000,461
NB,1,2000-2015,155
NB,2,2000-2015,254
NB,3,2000-2015,401
NB,4,2000-2015,467
NB,5,2000-2015,"1,038"
NB,6,2000-2015,"1,175"
NB,7,2000-2015,"1,669"
NB,8,2000-2015,"1,787"
NB,9,2000-2015,"1,672"
NB,10,2000-2015,"1,777"
NB,11,2000-2015,"1,479"
NB,12,2000-2015,"1,047"
NB,13,2000-2015,706
NB,14,2000-2015,494
NB,15,2000-2015,260
SB,15,2000-2015,86
SB,14,2000-2015,131
SB,13,2000-2015,236
SB,12,2000-2015,364
SB,11,2000-2015,506
SB,10,2000-2015,568
SB,9,2000-2015,809
SB,8,2000-2015,886
SB,7,2000-2015,996
SB,6,2000-2015,"1,404"
SB,5,2000-2015,"1,608"
SB,4,2000-2015,"1,188"
SB,3,2000-2015,"1,119"
SB,2,2000-2015,835
SB,1,2000-2015,420
NB,1,2015-2030,147
NB,2,2015-2030,236
NB,3,2015-2030,372
NB,4,2015-2030,417
NB,5,2015-2030,933
NB,6,2015-2030,"1,091"
NB,7,2015-2030,"1,522"
NB,8,2015-2030,"1,650"
NB,9,2015-2030,"1,514"
NB,10,2015-2030,"1,635"
NB,11,2015-2030,"1,371"
NB,12,2015-2030,951
NB,13,2015-2030,622
NB,14,2015-2030,449
NB,15,2015-2030,244
SB,15,2015-2030,77
SB,14,2015-2030,117
SB,13,2015-2030,214
SB,12,2015-2030,335
SB,11,2015-2030,453
SB,10,2015-2030,505
SB,9,2015-2030,735
SB,8,2015-2030,817
SB,7,2015-2030,942
SB,6,2015-2030,"1,287"
SB,5,2015-2030,"1,424"
SB,4,2015-2030,"1,078"
SB,3,2015-2030,"1,036"
SB,2,2015-2030,772
SB,1,2015-2030,396
NB,1,2030-2045,137
NB,2,2030-2045,221
NB,3,2030-2045,344
NB,4,2030-2045,390
NB,5,2030-2045,881
NB,6,2030-2045,"1,009"
NB,7,2030-2045,"1,428"
NB,8,2030-2045,"1,521"
NB,9,2030-2045,"1,415"
NB,10,2030-2045,"1,492"
NB,11,2030-2045,"1,282"
NB,12,2030-2045,927
NB,13,2030-2045,578
NB,14,2030-2045,412
NB,15,2030-2045,224
SB,15,2030-2045,69
SB,14,2030-2045,106
SB,13,2030-2045,212
SB,12,2030-2045,318
SB,11,2030-2045,421
SB,10,2030-2045,478
SB,9,2030-2045,727
SB,8,2030-2045,771
SB,7,2030-2045,873
SB,6,2030-2045,"1,263"
SB,5,2030-2045,"1,360"
SB,4,2030-2045,"1,038"
SB,3,2030-2045,952
SB,2,2030-2045,729
SB,1,2030-2045,375
NB,1,2045-2100,131
NB,2,2045-2100,207
NB,3,2045-2100,315
NB,4,2045-2100,363
NB,5,2045-2100,821
NB,6,2045-2100,921
NB,7,2045-2100,"1,314"
NB,8,2045-2100,"1,401"
NB,9,2045-2100,"1,363"
NB,10,2045-2100,"1,396"
NB,11,2045-2100,"1,238"
NB,12,2045-2100,859
NB,13,2045-2100,565
NB,14,2045-2100,387
NB,15,2045-2100,200
SB,15,2045-2100,65
SB,14,2045-2100,96
SB,13,2045-2100,199
SB,12,2045-2100,291
SB,11,2045-2100,411
SB,10,2045-2100,465
SB,9,2045-2100,656
SB,8,2045-2100,750
SB,7,2045-2100,821
SB,6,2045-2100,"1,168"
SB,5,2045-2100,"1,344"
SB,4,2045-2100,"1,022"
SB,3,2045-2100,918
SB,2,2045-2100,692
SB,1,2045-2100,353
NB,1,2100-2115,132
NB,2,2100-2115,196
NB,3,2100-2115,293
NB,4,2100-2115,333
NB,5,2100-2115,746
NB,6,2100-2115,894
NB,7,2100-2115,"1,289"
NB,8,2100-2115,"1,330"
NB,9,2100-2115,"1,244"
NB,10,2100-2115,"1,356"
NB,11,2100-2115,"1,167"
NB,12,2100-2115,810
NB,13,2100-2115,521
NB,14,2100-2115,369
NB,15,2100-2115,187
SB,15,2100-2115,71
SB,14,2100-2115,95
SB,13,2100-2115,187
SB,12,2100-2115,270
SB,11,2100-2115,367
SB,10,2100-2115,429
SB,9,2100-2115,640
SB,8,2100-2115,701
SB,7,2100-2115,805
SB,6,2100-2115,"1,095"
SB,5,2100-2115,"1,235"
SB,4,2100-2115,953
SB,3,2100-2115,908
SB,2,2100-2115,655
SB,1,2100-2115,347
NB,1,2115-2130,118
NB,2,2115-2130,188
NB,3,2115-2130,291
NB,4,2115-2130,319
NB,5,2115-2130,703
NB,6,2115-2130,821
NB,7,2115-2130,"1,185"
NB,8,2115-2130,"1,297"
NB,9,2115-2130,"1,182"
NB,10,2115-2130,"1,253"
NB,11,2115-2130,"1,087"
NB,12,2115-2130,768
NB,13,2115-2130,488
NB,14,2115-2130,341
NB,15,2115-2130,183
SB,15,2115-2130,68
SB,14,2115-2130,97
SB,13,2115-2130,186
SB,12,2115-2130,264
SB,11,2115-2130,349
SB,10,2115-2130,403
SB,9,2115-2130,614
SB,8,2115-2130,659
SB,7,2115-2130,744
SB,6,2115-2130,"1,068"
SB,5,2115-2130,"1,180"
SB,4,2115-2130,912
SB,3,2115-2130,844
SB,2,2115-2130,653
SB,1,2115-2130,353
NB,1,2130-2145,117
NB,2,2130-2145,179
NB,3,2130-2145,271
NB,4,2130-2145,312
NB,5,2130-2145,684
NB,6,2130-2145,773
NB,7,2130-2145,"1,166"
NB,8,2130-2145,"1,217"
NB,9,2130-2145,"1,196"
NB,10,2130-2145,"1,222"
NB,11,2130-2145,"1,071"
NB,12,2130-2145,761
NB,13,2130-2145,486
NB,14,2130-2145,324
NB,15,2130-2145,167
SB,15,2130-2145,69
SB,14,2130-2145,92
SB,13,2130-2145,174
SB,12,2130-2145,243
SB,11,2130-2145,340
SB,10,2130-2145,405
SB,9,2130-2145,564
SB,8,2130-2145,641
SB,7,2130-2145,683
SB,6,2130-2145,994
SB,5,2130-2145,"1,171"
SB,4,2130-2145,903
SB,3,2130-2145,803
SB,2,2130-2145,612
SB,1,2130-2145,333
NB,1,2145-2200,127
NB,2,2145-2200,183
NB,3,2145-2200,276
NB,4,2145-2200,303
NB,5,2145-2200,673
NB,6,2145-2200,805
NB,7,2145-2200,"1,201"
NB,8,2145-2200,"1,225"
NB,9,2145-2200,"1,180"
NB,10,2145-2200,"1,268"
NB,11,2145-2200,"1,051"
NB,12,2145-2200,727
NB,13,2145-2200,475
NB,14,2145-2200,329
NB,15,2145-2200,166
SB,15,2145-2200,69
SB,14,2145-2200,89
SB,13,2145-2200,162
SB,12,2145-2200,228
SB,11,2145-2200,325
SB,10,2145-2200,399
SB,9,2145-2200,552
SB,8,2145-2200,604
SB,7,2145-2200,685
SB,6,2145-2200,997
SB,5,2145-2200,"1,138"
SB,4,2145-2200,871
SB,3,2145-2200,830
SB,2,2145-2200,600
SB,1,2145-2200,332
NB,1,2200-2215,121
NB,2,2200-2215,184
NB,3,2200-2215,277
NB,4,2200-2215,294
NB,5,2200-2215,679
NB,6,2200-2215,779
NB,7,2200-2215,"1,189"
NB,8,2200-2215,"1,285"
NB,9,2200-2215,"1,179"
NB,10,2200-2215,"1,210"
NB,11,2200-2215,"1,041"
NB,12,2200-2215,730
NB,13,2200-2215,452
NB,14,2200-2215,323
NB,15,2200-2215,168
SB,15,2200-2215,68
SB,14,2200-2215,89
SB,13,2200-2215,156
SB,12,2200-2215,216
SB,11,2200-2215,306
SB,10,2200-2215,398
SB,9,2200-2215,565
SB,8,2200-2215,593
SB,7,2200-2215,637
SB,6,2200-2215,973
SB,5,2200-2215,"1,090"
SB,4,2200-2215,838
SB,3,2200-2215,777
SB,2,2200-2215,601
SB,1,2200-2215,342
NB,1,2215-2230,116
NB,2,2215-2230,170
NB,3,2215-2230,256
NB,4,2215-2230,285
NB,5,2215-2230,658
NB,6,2215-2230,740
NB,7,2215-2230,"1,132"
NB,8,2215-2230,"1,182"
NB,9,2215-2230,"1,158"
NB,10,2215-2230,"1,158"
NB,11,2215-2230,"1,033"
NB,12,2215-2230,716
NB,13,2215-2230,463
NB,14,2215-2230,318
NB,15,2215-2230,166
SB,15,2215-2230,59
SB,14,2215-2230,82
SB,13,2215-2230,144
SB,12,2215-2230,199
SB,11,2215-2230,299
SB,10,2215-2230,390
SB,9,2215-2230,509
SB,8,2215-2230,558
SB,7,2215-2230,599
SB,6,2215-2230,904
SB,5,2215-2230,"1,041"
SB,4,2215-2230,805
SB,3,2215-2230,722
SB,2,2215-2230,559
SB,1,2215-2230,319
NB,1,2230-2245,115
NB,2,2230-2245,158
NB,3,2230-2245,239
NB,4,2230-2245,262
NB,5,2230-2245,598
NB,6,2230-2245,698
NB,7,2230-2245,"1,099"
NB,8,2230-2245,"1,125"
NB,9,2230-2245,"1,086"
NB,10,2230-2245,"1,138"
NB,11,2230-2245,972
NB,12,2230-2245,648
NB,13,2230-2245,425
NB,14,2230-2245,302
NB,15,2230-2245,159
SB,15,2230-2245,58
SB,14,2230-2245,73
SB,13,2230-2245,133
SB,12,2230-2245,181
SB,11,2230-2245,268
SB,10,2230-2245,357
SB,9,2230-2245,465
SB,8,2230-2245,512
SB,7,2230-2245,553
SB,6,2230-2245,831
SB,5,2230-2245,951
SB,4,2230-2245,717
SB,3,2230-2245,674
SB,2,2230-2245,498
SB,1,2230-2245,292
NB,1,2245-2300,98
NB,2,2245-2300,142
NB,3,2245-2300,219
NB,4,2245-2300,237
NB,5,2245-2300,545
NB,6,2245-2300,646
NB,7,2245-2300,992
NB,8,2245-2300,"1,037"
NB,9,2245-2300,954
NB,10,2245-2300,"1,005"
NB,11,2245-2300,890
NB,12,2245-2300,599
NB,13,2245-2300,401
NB,14,2245-2300,275
NB,15,2245-2300,149
SB,15,2245-2300,49
SB,14,2245-2300,66
SB,13,2245-2300,122
SB,12,2245-2300,170
SB,11,2245-2300,238
SB,10,2245-2300,317
SB,9,2245-2300,432
SB,8,2245-2300,444
SB,7,2245-2300,499
SB,6,2245-2300,739
SB,5,2245-2300,840
SB,4,2245-2300,630
SB,3,2245-2300,605
SB,2,2245-2300,459
SB,1,2245-2300,277
NB,1,2300-2315,76
NB,2,2300-2315,115
NB,3,2300-2315,175
NB,4,2300-2315,199
NB,5,2300-2315,462
NB,6,2300-2315,549
NB,7,2300-2315,817
NB,8,2300-2315,868
NB,9,2300-2315,840
NB,10,2300-2315,829
NB,11,2300-2315,781
NB,12,2300-2315,540
NB,13,2300-2315,363
NB,14,2300-2315,239
NB,15,2300-2315,130
SB,15,2300-2315,41
SB,14,2300-2315,53
SB,13,2300-2315,104
SB,12,2300-2315,144
SB,11,2300-2315,199
SB,10,2300-2315,272
SB,9,2300-2315,345
SB,8,2300-2315,385
SB,7,2300-2315,401
SB,6,2300-2315,583
SB,5,2300-2315,706
SB,4,2300-2315,546
SB,3,2300-2315,502
SB,2,2300-2315,395
SB,1,2300-2315,242
NB,1,2315-2330,62
NB,2,2315-2330,85
NB,3,2315-2330,138
NB,4,2315-2330,156
NB,5,2315-2330,355
NB,6,2315-2330,454
NB,7,2315-2330,656
NB,8,2315-2330,679
NB,9,2315-2330,661
NB,10,2315-2330,725
NB,11,2315-2330,628
NB,12,2315-2330,431
NB,13,2315-2330,304
NB,14,2315-2330,209
NB,15,2315-2330,118
SB,15,2315-2330,30
SB,14,2315-2330,40
SB,13,2315-2330,86
SB,12,2315-2330,120
SB,11,2315-2330,152
SB,10,2315-2330,200
SB,9,2315-2330,256
SB,8,2315-2330,288
SB,7,2315-2330,337
SB,6,2315-2330,457
SB,5,2315-2330,545
SB,4,2315-2330,429
SB,3,2315-2330,415
SB,2,2315-2330,319
SB,1,2315-2330,196
NB,1,2330-2345,49
NB,2,2330-2345,73
NB,3,2330-2345,110
NB,4,2330-2345,120
NB,5,2330-2345,268
NB,6,2330-2345,350
NB,7,2330-2345,502
NB,8,2330-2345,557
NB,9,2330-2345,518
NB,10,2330-2345,545
NB,11,2330-2345,495
NB,12,2330-2345,341
NB,13,2330-2345,237
NB,14,2330-2345,167
NB,15,2330-2345,95
SB,15,2330-2345,22
SB,14,2330-2345,30
SB,13,2330-2345,71
SB,12,2330-2345,93
SB,11,2330-2345,120
SB,10,2330-2345,148
SB,9,2330-2345,197
SB,8,2330-2345,221
SB,7,2330-2345,241
SB,6,2330-2345,344
SB,5,2330-2345,420
SB,4,2330-2345,330
SB,3,2330-2345,322
SB,2,2330-2345,261
SB,1,2330-2345,164
NB,1,2345-0000,35
NB,2,2345-0000,55
NB,3,2345-0000,81
NB,4,2345-0000,91
NB,5,2345-0000,211
NB,6,2345-0000,286
NB,7,2345-0000,389
NB,8,2345-0000,410
NB,9,2345-0000,393
NB,10,2345-0000,408
NB,11,2345-0000,398
NB,12,2345-0000,292
NB,13,2345-0000,195
NB,14,2345-0000,141
NB,15,2345-0000,75
SB,15,2345-0000,14
SB,14,2345-0000,21
SB,13,2345-0000,49
SB,12,2345-0000,68
SB,11,2345-0000,88
SB,10,2345-0000,113
SB,9,2345-0000,146
SB,8,2345-0000,156
SB,7,2345-0000,183
SB,6,2345-0000,246
SB,5,2345-0000,312
SB,4,2345-0000,283
SB,3,2345-0000,263
SB,2,2345-0000,215
SB,1,2345-0000,136
NB,1,0000-0015,23
NB,2,0000-0015,37
NB,3,0000-0015,57
NB,4,0000-0015,60
NB,5,0000-0015,141
NB,6,0000-0015,197
NB,7,0000-0015,254
NB,8,0000-0015,296
NB,9,0000-0015,289
NB,10,0000-0015,301
NB,11,0000-0015,287
NB,12,0000-0015,207
NB,13,0000-0015,138
NB,14,0000-0015,108
NB,15,0000-0015,59
SB,15,0000-0015,10
SB,14,0000-0015,13
SB,13,0000-0015,34
SB,12,0000-0015,42
SB,11,0000-0015,54
SB,10,0000-0015,72
SB,9,0000-0015,86
SB,8,0000-0015,106
SB,7,0000-0015,115
SB,6,0000-0015,171
SB,5,0000-0015,202
SB,4,0000-0015,198
SB,3,0000-0015,185
SB,2,0000-0015,159
SB,1,0000-0015,100
NB,1,0015-0030,15
NB,2,0015-0030,22
NB,3,0015-0030,36
NB,4,0015-0030,38
NB,5,0015-0030,84
NB,6,0015-0030,112
NB,7,0015-0030,165
NB,8,0015-0030,187
NB,9,0015-0030,171
NB,10,0015-0030,207
NB,11,0015-0030,197
NB,12,0015-0030,134
NB,13,0015-0030,92
NB,14,0015-0030,81
NB,15,0015-0030,43
SB,15,0015-0030,7
SB,14,0015-0030,10
SB,13,0015-0030,23
SB,12,0015-0030,27
SB,11,0015-0030,34
SB,10,0015-0030,37
SB,9,0015-0030,52
SB,8,0015-0030,56
SB,7,0015-0030,73
SB,6,0015-0030,98
SB,5,0015-0030,114
SB,4,0015-0030,120
SB,3,0015-0030,111
SB,2,0015-0030,100
SB,1,0015-0030,67
NB,1,0030-0045,9
NB,2,0030-0045,15
NB,3,0030-0045,21
NB,4,0030-0045,25
NB,5,0030-0045,49
NB,6,0030-0045,65
NB,7,0030-0045,100
NB,8,0030-0045,106
NB,9,0030-0045,106
NB,10,0030-0045,111
NB,11,0030-0045,123
NB,12,0030-0045,87
NB,13,0030-0045,65
NB,14,0030-0045,49
NB,15,0030-0045,26
SB,15,0030-0045,5
SB,14,0030-0045,6
SB,13,0030-0045,13
SB,12,0030-0045,14
SB,11,0030-0045,20
SB,10,0030-0045,22
SB,9,0030-0045,30
SB,8,0030-0045,32
SB,7,0030-0045,34
SB,6,0030-0045,57
SB,5,0030-0045,70
SB,4,0030-0045,75
SB,3,0030-0045,70
SB,2,0030-0045,55
SB,1,0030-0045,44
NB,1,0045-0100,2
NB,2,0045-0100,4
NB,3,0045-0100,10
NB,4,0045-0100,10
NB,5,0045-0100,31
NB,6,0045-0100,40
NB,7,0045-0100,60
NB,8,0045-0100,63
NB,9,0045-0100,54
NB,10,0045-0100,77
NB,11,0045-0100,72
NB,12,0045-0100,53
NB,13,0045-0100,39
NB,14,0045-0100,30
NB,15,0045-0100,16
SB,15,0045-0100,1
SB,14,0045-0100,2
SB,13,0045-0100,2
SB,12,0045-0100,4
SB,11,0045-0100,5
SB,10,0045-0100,10
SB,9,0045-0100,12
SB,8,0045-0100,13
SB,7,0045-0100,14
SB,6,0045-0100,28
SB,5,0045-0100,34
SB,4,0045-0100,44
SB,3,0045-0100,41
SB,2,0045-0100,31
SB,1,0045-0100,27
NB,1,0100-0115,0
NB,2,0100-0115,1
NB,3,0100-0115,1
NB,4,0100-0115,1
NB,5,0100-0115,6
NB,6,0100-0115,9
NB,7,0100-0115,11
NB,8,0100-0115,25
NB,9,0100-0115,23
NB,10,0100-0115,26
NB,11,0100-0115,31
NB,12,0100-0115,22
NB,13,0100-0115,20
NB,14,0100-0115,15
NB,15,0100-0115,8
SB,15,0100-0115,1
SB,14,0100-0115,1
SB,13,0100-0115,1
SB,12,0100-0115,0
SB,11,0100-0115,0
SB,10,0100-0115,0
SB,9,0100-0115,0
SB,8,0100-0115,0
SB,7,0100-0115,0
SB,6,0100-0115,7
SB,5,0100-0115,9
SB,4,0100-0115,7
SB,3,0100-0115,6
SB,2,0100-0115,5
SB,1,0100-0115,11
NB,1,0115-0130,0
NB,2,0115-0130,0
NB,3,0115-0130,0
NB,4,0115-0130,0
NB,5,0115-0130,0
NB,6,0115-0130,0
NB,7,0115-0130,0
NB,8,0115-0130,0
NB,9,0115-0130,0
NB,10,0115-0130,0
NB,11,0115-0130,6
NB,12,0115-0130,6
NB,13,0115-0130,4
NB,14,0115-0130,8
NB,15,0115-0130,4
SB,15,0115-0130,0
SB,14,0115-0130,1
SB,13,0115-0130,1
SB,12,0115-0130,0
SB,11,0115-0130,0
SB,10,0115-0130,0
SB,9,0115-0130,0
SB,8,0115-0130,0
SB,7,0115-0130,0
SB,6,0115-0130,0
SB,5,0115-0130,0
SB,4,0115-0130,0
SB,3,0115-0130,0
SB,2,0115-0130,0
SB,1,0115-0130,3
NB,1,0130-0145,0
NB,2,0130-0145,0
NB,3,0130-0145,0
NB,4,0130-0145,0
NB,5,0130-0145,0
NB,6,0130-0145,0
NB,7,0130-0145,0
NB,8,0130-0145,0
NB,9,0130-0145,0
NB,10,0130-0145,0
NB,11,0130-0145,0
NB,12,0130-0145,0
NB,13,0130-0145,0
NB,14,0130-0145,0
NB,15,0130-0145,0
SB,15,0130-0145,0
SB,14,0130-0145,0
SB,13,0130-0145,0
SB,12,0130-0145,0
SB,11,0130-0145,0
SB,10,0130-0145,0
SB,9,0130-0145,0
SB,8,0130-0145,0
SB,7,0130-0145,0
SB,6,0130-0145,0
SB,5,0130-0145,0
SB,4,0130-0145,0
SB,3,0130-0145,0
SB,2,0130-0145,0
SB,1,0130-0145,0
NB,1,0145-0200,0
NB,2,0145-0200,0
NB,3,0145-0200,0
NB,4,0145-0200,0
NB,5,0145-0200,0
NB,6,0145-0200,0
NB,7,0145-0200,0
NB,8,0145-0200,0
NB,9,0145-0200,0
NB,10,0145-0200,0
NB,11,0145-0200,0
NB,12,0145-0200,0
NB,13,0145-0200,0
NB,14,0145-0200,0
NB,15,0145-0200,0
SB,15,0145-0200,0
SB,14,0145-0200,0
SB,13,0145-0200,0
SB,12,0145-0200,0
SB,11,0145-0200,0
SB,10,0145-0200,0
SB,9,0145-0200,0
SB,8,0145-0200,0
SB,7,0145-0200,0
SB,6,0145-0200,0
SB,5,0145-0200,0
SB,4,0145-0200,0
SB,3,0145-0200,0
SB,2,0145-0200,0
SB,1,0145-0200,0
NB,1,0200-0215,0
NB,2,0200-0215,0
NB,3,0200-0215,0
NB,4,0200-0215,0
NB,5,0200-0215,0
NB,6,0200-0215,0
NB,7,0200-0215,0
NB,8,0200-0215,0
NB,9,0200-0215,0
NB,10,0200-0215,0
NB,11,0200-0215,0
NB,12,0200-0215,0
NB,13,0200-0215,0
NB,14,0200-0215,0
NB,15,0200-0215,0
SB,15,0200-0215,0
SB,14,0200-0215,0
SB,13,0200-0215,0
SB,12,0200-0215,0
SB,11,0200-0215,0
SB,10,0200-0215,0
SB,9,0200-0215,0
SB,8,0200-0215,0
SB,7,0200-0215,0
SB,6,0200-0215,0
SB,5,0200-0215,0
SB,4,0200-0215,0
SB,3,0200-0215,0
SB,2,0200-0215,0
SB,1,0200-0215,0
NB,1,0215-0230,0
NB,2,0215-0230,0
NB,3,0215-0230,0
NB,4,0215-0230,0
NB,5,0215-0230,0
NB,6,0215-0230,0
NB,7,0215-0230,0
NB,8,0215-0230,0
NB,9,0215-0230,0
NB,10,0215-0230,0
NB,11,0215-0230,0
NB,12,0215-0230,0
NB,13,0215-0230,0
NB,14,0215-0230,0
NB,15,0215-0230,0
SB,15,0215-0230,0
SB,14,0215-0230,0
SB,13,0215-0230,0
SB,12,0215-0230,0
SB,11,0215-0230,0
SB,10,0215-0230,0
SB,9,0215-0230,0
SB,8,0215-0230,0
SB,7,0215-0230,0
SB,6,0215-0230,0
SB,5,0215-0230,0
SB,4,0215-0230,0
SB,3,0215-0230,0
SB,2,0215-0230,0
SB,1,0215-0230,0
NB,1,0230-0245,0
NB,2,0230-0245,0
NB,3,0230-0245,0
NB,4,0230-0245,0
NB,5,0230-0245,0
NB,6,0230-0245,0
NB,7,0230-0245,0
NB,8,0230-0245,0
NB,9,0230-0245,0
NB,10,0230-0245,0
NB,11,0230-0245,0
NB,12,0230-0245,0
NB,13,0230-0245,0
NB,14,0230-0245,0
NB,15,0230-0245,0
SB,15,0230-0245,0
SB,14,0230-0245,0
SB,13,0230-0245,0
SB,12,0230-0245,0
SB,11,0230-0245,0
SB,10,0230-0245,0
SB,9,0230-0245,0
SB,8,0230-0245,0
SB,7,0230-0245,0
SB,6,0230-0245,0
SB,5,0230-0245,0
SB,4,0230-0245,0
SB,3,0230-0245,0
SB,2,0230-0245,0
SB,1,0230-0245,0
NB,1,0245-0300,0
NB,2,0245-0300,0
NB,3,0245-0300,0
NB,4,0245-0300,0
NB,5,0245-0300,0
NB,6,0245-0300,0
NB,7,0245-0300,0
NB,8,0245-0300,0
NB,9,0245-0300,0
NB,10,0245-0300,0
NB,11,0245-0300,0
NB,12,0245-0300,0
NB,13,0245-0300,0
NB,14,0245-0300,0
NB,15,0245-0300,0
SB,15,0245-0300,0
SB,14,0245-0300,0
SB,13,0245-0300,0
SB,12,0245-0300,0
SB,11,0245-0300,0
SB,10,0245-0300,0
SB,9,0245-0300,0
SB,8,0245-0300,0
SB,7,0245-0300,0
SB,6,0245-0300,0
SB,5,0245-0300,0
SB,4,0245-0300,0
SB,3,0245-0300,0
SB,2,0245-0300,0
SB,1,0245-0300,0
NB,1,0300-0315,0
NB,2,0300-0315,0
NB,3,0300-0315,0
NB,4,0300-0315,0
NB,5,0300-0315,0
NB,6,0300-0315,0
NB,7,0300-0315,0
NB,8,0300-0315,0
NB,9,0300-0315,0
NB,10,0300-0315,0
NB,11,0300-0315,0
NB,12,0300-0315,0
NB,13,0300-0315,0
NB,14,0300-0315,0
NB,15,0300-0315,0
SB,15,0300-0315,0
SB,14,0300-0315,0
SB,13,0300-0315,0
SB,12,0300-0315,0
SB,11,0300-0315,0
SB,10,0300-0315,0
SB,9,0300-0315,0
SB,8,0300-0315,0
SB,7,0300-0315,0
SB,6,0300-0315,0
SB,5,0300-0315,0
SB,4,0300-0315,0
SB,3,0300-0315,0
SB,2,0300-0315,0
SB,1,0300-0315,0
NB,1,0315-0330,0
NB,2,0315-0330,0
NB,3,0315-0330,0
NB,4,0315-0330,0
NB,5,0315-0330,0
NB,6,0315-0330,0
NB,7,0315-0330,0
NB,8,0315-0330,0
NB,9,0315-0330,0
NB,10,0315-0330,0
NB,11,0315-0330,0
NB,12,0315-0330,0
NB,13,0315-0330,0
NB,14,0315-0330,0
NB,15,0315-0330,0
SB,15,0315-0330,0
SB,14,0315-0330,0
SB,13,0315-0330,0
SB,12,0315-0330,0
SB,11,0315-0330,0
SB,10,0315-0330,0
SB,9,0315-0330,0
SB,8,0315-0330,0
SB,7,0315-0330,0
SB,6,0315-0330,0
SB,5,0315-0330,0
SB,4,0315-0330,0
SB,3,0315-0330,0
SB,2,0315-0330,0
SB,1,0315-0330,0
NB,1,0330-0345,0
NB,2,0330-0345,0
NB,3,0330-0345,0
NB,4,0330-0345,0
NB,5,0330-0345,0
NB,6,0330-0345,0
NB,7,0330-0345,0
NB,8,0330-0345,0
NB,9,0330-0345,0
NB,10,0330-0345,0
NB,11,0330-0345,0
NB,12,0330-0345,0
NB,13,0330-0345,0
NB,14,0330-0345,0
NB,15,0330-0345,0
SB,15,0330-0345,0
SB,14,0330-0345,0
SB,13,0330-0345,0
SB,12,0330-0345,0
SB,11,0330-0345,0
SB,10,0330-0345,0
SB,9,0330-0345,0
SB,8,0330-0345,0
SB,7,0330-0345,0
SB,6,0330-0345,0
SB,5,0330-0345,0
SB,4,0330-0345,0
SB,3,0330-0345,0
SB,2,0330-0345,0
SB,1,0330-0345,0
NB,1,0345-0400,0
NB,2,0345-0400,0
NB,3,0345-0400,0
NB,4,0345-0400,0
NB,5,0345-0400,0
NB,6,0345-0400,0
NB,7,0345-0400,0
NB,8,0345-0400,0
NB,9,0345-0400,0
NB,10,0345-0400,0
NB,11,0345-0400,0
NB,12,0345-0400,0
NB,13,0345-0400,0
NB,14,0345-0400,0
NB,15,0345-0400,0
SB,15,0345-0400,0
SB,14,0345-0400,0
SB,13,0345-0400,0
SB,12,0345-0400,0
SB,11,0345-0400,0
SB,10,0345-0400,0
SB,9,0345-0400,0
SB,8,0345-0400,0
SB,7,0345-0400,0
SB,6,0345-0400,0
SB,5,0345-0400,0
SB,4,0345-0400,0
SB,3,0345-0400,0
SB,2,0345-0400,0
SB,1,0345-0400,0
NB,1,0400-0415,0
NB,2,0400-0415,0
NB,3,0400-0415,0
NB,4,0400-0415,0
NB,5,0400-0415,0
NB,6,0400-0415,0
NB,7,0400-0415,0
NB,8,0400-0415,0
NB,9,0400-0415,0
NB,10,0400-0415,0
NB,11,0400-0415,0
NB,12,0400-0415,0
NB,13,0400-0415,0
NB,14,0400-0415,0
NB,15,0400-0415,0
SB,15,0400-0415,0
SB,14,0400-0415,0
SB,13,0400-0415,0
SB,12,0400-0415,0
SB,11,0400-0415,0
SB,10,0400-0415,0
SB,9,0400-0415,0
SB,8,0400-0415,0
SB,7,0400-0415,0
SB,6,0400-0415,0
SB,5,0400-0415,0
SB,4,0400-0415,0
SB,3,0400-0415,0
SB,2,0400-0415,0
SB,1,0400-0415,0
NB,1,0415-0430,0
NB,2,0415-0430,0
NB,3,0415-0430,0
NB,4,0415-0430,0
NB,5,0415-0430,0
NB,6,0415-0430,0
NB,7,0415-0430,0
NB,8,0415-0430,0
NB,9,0415-0430,0
NB,10,0415-0430,0
NB,11,0415-0430,0
NB,12,0415-0430,0
NB,13,0415-0430,0
NB,14,0415-0430,0
NB,15,0415-0430,0
SB,15,0415-0430,0
SB,14,0415-0430,0
SB,13,0415-0430,0
SB,12,0415-0430,0
SB,11,0415-0430,0
SB,10,0415-0430,0
SB,9,0415-0430,0
SB,8,0415-0430,0
SB,7,0415-0430,0
SB,6,0415-0430,0
SB,5,0415-0430,0
SB,4,0415-0430,0
SB,3,0415-0430,0
SB,2,0415-0430,0
SB,1,0415-0430,0
NB,1,0430-0445,0
NB,2,0430-0445,0
NB,3,0430-0445,0
NB,4,0430-0445,0
NB,5,0430-0445,0
NB,6,0430-0445,0
NB,7,0430-0445,0
NB,8,0430-0445,0
NB,9,0430-0445,0
NB,10,0430-0445,0
NB,11,0430-0445,0
NB,12,0430-0445,0
NB,13,0430-0445,0
NB,14,0430-0445,0
NB,15,0430-0445,0
SB,15,0430-0445,0
SB,14,0430-0445,0
SB,13,0430-0445,0
SB,12,0430-0445,0
SB,11,0430-0445,0
SB,10,0430-0445,0
SB,9,0430-0445,0
SB,8,0430-0445,0
SB,7,0430-0445,0
SB,6,0430-0445,0
SB,5,0430-0445,0
SB,4,0430-0445,0
SB,3,0430-0445,0
SB,2,0430-0445,0
SB,1,0430-0445,0
NB,1,0445-0500,0
NB,2,0445-0500,0
NB,3,0445-0500,0
NB,4,0445-0500,0
NB,5,0445-0500,0
NB,6,0445-0500,0
NB,7,0445-0500,0
NB,8,0445-0500,0
NB,9,0445-0500,0
NB,10,0445-0500,0
NB,11,0445-0500,0
NB,12,0445-0500,0
NB,13,0445-0500,0
NB,14,0445-0500,0
NB,15,0445-0500,0
SB,15,0445-0500,0
SB,14,0445-0500,0
SB,13,0445-0500,0
SB,12,0445-0500,0
SB,11,0445-0500,0
SB,10,0445-0500,0
SB,9,0445-0500,0
SB,8,0445-0500,0
SB,7,0445-0500,0
SB,6,0445-0500,0
SB,5,0445-0500,0
SB,4,0445-0500,0
SB,3,0445-0500,0
SB,2,0445-0500,0
SB,1,0445-0500,0
