Time,t,NB,SB,Trains_active
0500-0515,1,0.0,1.0,5.0
0515-0530,2,1.0,1.0,7.0
0530-0545,3,0.0,1.0,6.0
0545-0600,4,0.0,1.0,5.0
0600-0615,5,0.0,2.0,6.0
0615-0630,6,3.0,2.0,9.0
0630-0645,7,4.0,3.0,15.0
0645-0700,8,0.0,1.0,15.0
0700-0715,9,1.0,0.0,14.0
0715-0730,10,2.0,5.0,16.0
0730-0745,11,4.0,5.0,18.0
0745-0800,12,0.0,4.0,21.0
0800-0815,13,0.0,2.0,22.0
0815-0830,14,2.0,6.0,23.0
0830-0845,15,3.0,6.0,23.0
0845-0900,16,0.0,4.0,23.0
0900-0915,17,1.0,3.0,25.0
0915-0930,18,0.0,4.0,21.0
0930-0945,19,1.0,3.0,16.0
0945-1000,20,1.0,3.0,16.0
1000-1015,21,1.0,2.0,15.0
1015-1030,22,1.0,2.0,14.0
1030-1045,23,1.0,2.0,13.0
1045-1100,24,1.0,2.0,12.0
1100-1115,25,0.0,2.0,11.0
1115-1130,26,1.0,2.0,11.0
1130-1145,27,0.0,2.0,10.0
1145-1200,28,0.0,2.0,9.0
1200-1215,29,0.0,2.0,9.0
1215-1230,30,0.0,2.0,8.0
1230-1245,31,0.0,2.0,8.0
1245-1300,32,0.0,2.0,8.0
1300-1315,33,0.0,2.0,8.0
1315-1330,34,0.0,2.0,8.0
1330-1345,35,0.0,2.0,8.0
1345-1400,36,0.0,2.0,8.0
1400-1415,37,0.0,2.0,8.0
1415-1430,38,0.0,2.0,8.0
1430-1445,39,1.0,3.0,10.0
1445-1500,40,1.0,3.0,12.0
1500-1515,41,0.0,2.0,12.0
1515-1530,42,0.0,2.0,12.0
1530-1545,43,1.0,4.0,13.0
1545-1600,44,2.0,3.0,14.0
1600-1615,45,0.0,2.0,14.0
1615-1630,46,2.0,2.0,16.0
1630-1645,47,3.0,4.0,18.0
1645-1700,48,3.0,2.0,18.0
1700-1715,49,2.0,2.0,20.0
1715-1730,50,4.0,5.0,25.0
1730-1745,51,5.0,3.0,26.0
1745-1800,52,1.0,2.0,24.0
1800-1815,53,3.0,0.0,23.0
1815-1830,54,4.0,5.0,23.0
1830-1845,55,5.0,1.0,21.0
1845-1900,56,0.0,1.0,19.0
1900-1915,57,3.0,3.0,22.0
1915-1930,58,3.0,3.0,19.0
1930-1945,59,0.0,1.0,14.0
1945-2000,60,2.0,0.0,15.0
2000-2015,61,2.0,2.0,13.0
2015-2030,62,2.0,0.0,9.0
2030-2045,63,1.0,0.0,9.0
2045-2100,64,2.0,0.0,9.0
2100-2115,65,2.0,1.0,8.0
2115-2130,66,2.0,1.0,9.0
2130-2145,67,2.0,1.0,11.0
2145-2200,68,1.0,1.0,11.0
2200-2215,69,1.0,0.0,9.0
2215-2230,70,1.0,1.0,8.0
2230-2245,71,2.0,0.0,7.0
2245-2300,72,1.0,1.0,7.0
2300-2315,73,2.0,1.0,9.0
2315-2330,74,1.0,0.0,8.0
2330-2345,75,0.0,0.0,6.0
2345-0000,76,1.0,0.0,5.0
0000-0015,77,1.0,1.0,4.0
0015-0030,78,1.0,1.0,5.0
0030-0045,79,0.0,1.0,6.0
0045-0100,80,0.0,0.0,5.0
0100-0115,81,0.0,1.0,4.0
0115-0130,82,0.0,1.0,3.0
0130-0145,83,0.0,0.0,2.0
0145-0200,84,0.0,0.0,2.0
0200-0215,85,0.0,0.0,1.0
0215-0230,86,0.0,0.0,0.0
0230-0245,87,0.0,0.0,0.0
0245-0300,88,0.0,0.0,0.0
0300-0315,89,0.0,0.0,0.0
0315-0330,90,0.0,0.0,0.0
0330-0345,91,0.0,0.0,0.0
0345-0400,92,0.0,0.0,0.0
0400-0415,93,0.0,0.0,0.0
0415-0430,94,0.0,0.0,0.0
0430-0445,95,0.0,0.0,0.0
0445-0500,96,0.0,0.0,0.0
