Time,t,Capacity,NB,SB,Trains_active
0500-0515,1,856,0.0,1.0,5.0
0500-0515,1,749,0.0,0.0,4.0
0500-0515,1,642,0.0,0.0,4.0
0500-0515,1,535,0.0,1.0,5.0
0500-0515,1,428,2.0,0.0,6.0
0515-0530,2,856,1.0,1.0,7.0
0515-0530,2,749,0.0,0.0,4.0
0515-0530,2,642,0.0,1.0,5.0
0515-0530,2,535,0.0,1.0,6.0
0515-0530,2,428,1.0,0.0,7.0
0530-0545,3,856,0.0,1.0,6.0
0530-0545,3,749,1.0,1.0,4.0
0530-0545,3,642,2.0,1.0,6.0
0530-0545,3,535,0.0,2.0,6.0
0530-0545,3,428,1.0,0.0,6.0
0545-0600,4,856,0.0,1.0,5.0
0545-0600,4,749,1.0,2.0,5.0
0545-0600,4,642,0.0,2.0,6.0
0545-0600,4,535,1.0,2.0,7.0
0545-0600,4,428,2.0,2.0,8.0
0600-0615,5,856,0.0,2.0,6.0
0600-0615,5,749,0.0,2.0,7.0
0600-0615,5,642,0.0,0.0,6.0
0600-0615,5,535,0.0,3.0,9.0
0600-0615,5,428,5.0,2.0,13.0
0615-0630,6,856,3.0,2.0,9.0
0615-0630,6,749,4.0,2.0,13.0
0615-0630,6,642,0.0,3.0,8.0
0615-0630,6,535,6.0,3.0,17.0
0615-0630,6,428,1.0,2.0,15.0
0630-0645,7,856,4.0,3.0,15.0
0630-0645,7,749,0.0,3.0,14.0
0630-0645,7,642,5.0,4.0,14.0
0630-0645,7,535,1.0,5.0,21.0
0630-0645,7,428,6.0,1.0,21.0
0645-0700,8,856,0.0,1.0,15.0
0645-0700,8,749,1.0,0.0,12.0
0645-0700,8,642,0.0,5.0,17.0
0645-0700,8,535,3.0,0.0,21.0
0645-0700,8,428,2.0,6.0,25.0
0700-0715,9,856,1.0,0.0,14.0
0700-0715,9,749,0.0,5.0,15.0
0700-0715,9,642,3.0,0.0,20.0
0700-0715,9,535,0.0,5.0,23.0
0700-0715,9,428,6.0,2.0,26.0
0715-0730,10,856,2.0,5.0,16.0
0715-0730,10,749,5.0,4.0,18.0
0715-0730,10,642,5.0,6.0,28.0
0715-0730,10,535,9.0,4.0,27.0
0715-0730,10,428,5.0,7.0,35.0
0730-0745,11,856,4.0,5.0,18.0
0730-0745,11,749,7.0,6.0,28.0
0730-0745,11,642,8.0,4.0,31.0
0730-0745,11,535,1.0,8.0,30.0
0730-0745,11,428,6.0,4.0,38.0
0745-0800,12,856,0.0,4.0,21.0
0745-0800,12,749,4.0,2.0,33.0
0745-0800,12,642,3.0,3.0,32.0
0745-0800,12,535,4.0,0.0,31.0
0745-0800,12,428,2.0,6.0,38.0
0800-0815,13,856,0.0,2.0,22.0
0800-0815,13,749,3.0,0.0,31.0
0800-0815,13,642,3.0,0.0,32.0
0800-0815,13,535,0.0,9.0,35.0
0800-0815,13,428,5.0,5.0,40.0
0815-0830,14,856,2.0,6.0,23.0
0815-0830,14,749,4.0,3.0,29.0
0815-0830,14,642,4.0,5.0,30.0
0815-0830,14,535,8.0,5.0,35.0
0815-0830,14,428,4.0,9.0,41.0
0830-0845,15,856,3.0,6.0,23.0
0830-0845,15,749,6.0,4.0,26.0
0830-0845,15,642,7.0,5.0,30.0
0830-0845,15,535,0.0,9.0,35.0
0830-0845,15,428,6.0,6.0,43.0
0845-0900,16,856,0.0,4.0,23.0
0845-0900,16,749,3.0,5.0,28.0
0845-0900,16,642,2.0,4.0,30.0
0845-0900,16,535,4.0,1.0,36.0
0845-0900,16,428,1.0,8.0,44.0
0900-0915,17,856,1.0,3.0,25.0
0900-0915,17,749,2.0,0.0,27.0
0900-0915,17,642,1.0,1.0,29.0
0900-0915,17,535,0.0,8.0,35.0
0900-0915,17,428,3.0,4.0,41.0
0915-0930,18,856,0.0,4.0,21.0
0915-0930,18,749,0.0,2.0,22.0
0915-0930,18,642,1.0,4.0,25.0
0915-0930,18,535,5.0,3.0,30.0
0915-0930,18,428,0.0,7.0,35.0
0930-0945,19,856,1.0,3.0,16.0
0930-0945,19,749,4.0,3.0,19.0
0930-0945,19,642,4.0,4.0,21.0
0930-0945,19,535,0.0,6.0,27.0
0930-0945,19,428,3.0,4.0,30.0
0945-1000,20,856,1.0,3.0,16.0
0945-1000,20,749,2.0,4.0,17.0
0945-1000,20,642,1.0,3.0,19.0
0945-1000,20,535,4.0,0.0,26.0
0945-1000,20,428,1.0,6.0,28.0
1000-1015,21,856,1.0,2.0,15.0
1000-1015,21,749,0.0,3.0,18.0
1000-1015,21,642,0.0,0.0,17.0
1000-1015,21,535,1.0,5.0,24.0
1000-1015,21,428,1.0,3.0,25.0
1015-1030,22,856,1.0,2.0,14.0
1015-1030,22,749,0.0,3.0,19.0
1015-1030,22,642,0.0,3.0,15.0
1015-1030,22,535,4.0,0.0,20.0
1015-1030,22,428,1.0,4.0,23.0
1030-1045,23,856,1.0,2.0,13.0
1030-1045,23,749,0.0,3.0,15.0
1030-1045,23,642,3.0,3.0,13.0
1030-1045,23,535,4.0,3.0,21.0
1030-1045,23,428,1.0,4.0,21.0
1045-1100,24,856,1.0,2.0,12.0
1045-1100,24,749,0.0,3.0,12.0
1045-1100,24,642,0.0,3.0,12.0
1045-1100,24,535,3.0,0.0,20.0
1045-1100,24,428,1.0,4.0,19.0
1100-1115,25,856,0.0,2.0,11.0
1100-1115,25,749,0.0,3.0,12.0
1100-1115,25,642,0.0,0.0,12.0
1100-1115,25,535,1.0,0.0,15.0
1100-1115,25,428,0.0,4.0,19.0
1115-1130,26,856,1.0,2.0,11.0
1115-1130,26,749,3.0,3.0,15.0
1115-1130,26,642,0.0,3.0,12.0
1115-1130,26,535,3.0,1.0,15.0
1115-1130,26,428,1.0,4.0,19.0
1130-1145,27,856,0.0,2.0,10.0
1130-1145,27,749,1.0,3.0,16.0
1130-1145,27,642,3.0,3.0,12.0
1130-1145,27,535,3.0,3.0,14.0
1130-1145,27,428,1.0,4.0,19.0
1145-1200,28,856,0.0,2.0,9.0
1145-1200,28,749,0.0,0.0,13.0
1145-1200,28,642,0.0,3.0,12.0
1145-1200,28,535,4.0,2.0,17.0
1145-1200,28,428,0.0,4.0,18.0
1200-1215,29,856,0.0,2.0,9.0
1200-1215,29,749,0.0,2.0,12.0
1200-1215,29,642,1.0,0.0,13.0
1200-1215,29,535,0.0,1.0,17.0
1200-1215,29,428,0.0,3.0,17.0
1215-1230,30,856,0.0,2.0,8.0
1215-1230,30,749,3.0,3.0,12.0
1215-1230,30,642,0.0,3.0,13.0
1215-1230,30,535,1.0,0.0,14.0
1215-1230,30,428,0.0,4.0,16.0
1230-1245,31,856,0.0,2.0,8.0
1230-1245,31,749,3.0,3.0,14.0
1230-1245,31,642,3.0,2.0,12.0
1230-1245,31,535,3.0,4.0,15.0
1230-1245,31,428,1.0,4.0,16.0
1245-1300,32,856,0.0,2.0,8.0
1245-1300,32,749,1.0,2.0,17.0
1245-1300,32,642,3.0,3.0,15.0
1245-1300,32,535,3.0,3.0,15.0
1245-1300,32,428,0.0,4.0,16.0
1300-1315,33,856,0.0,2.0,8.0
1300-1315,33,749,3.0,0.0,18.0
1300-1315,33,642,1.0,0.0,15.0
1300-1315,33,535,0.0,0.0,14.0
1300-1315,33,428,0.0,4.0,17.0
1315-1330,34,856,0.0,2.0,8.0
1315-1330,34,749,0.0,3.0,15.0
1315-1330,34,642,0.0,0.0,12.0
1315-1330,34,535,1.0,3.0,17.0
1315-1330,34,428,0.0,4.0,17.0
1330-1345,35,856,0.0,2.0,8.0
1330-1345,35,749,3.0,0.0,12.0
1330-1345,35,642,3.0,3.0,13.0
1330-1345,35,535,3.0,3.0,16.0
1330-1345,35,428,0.0,4.0,16.0
1345-1400,36,856,0.0,2.0,8.0
1345-1400,36,749,0.0,3.0,12.0
1345-1400,36,642,3.0,3.0,13.0
1345-1400,36,535,0.0,4.0,14.0
1345-1400,36,428,0.0,4.0,16.0
1400-1415,37,856,0.0,2.0,8.0
1400-1415,37,749,3.0,2.0,14.0
1400-1415,37,642,0.0,3.0,15.0
1400-1415,37,535,0.0,0.0,14.0
1400-1415,37,428,0.0,4.0,16.0
1415-1430,38,856,0.0,2.0,8.0
1415-1430,38,749,0.0,3.0,14.0
1415-1430,38,642,1.0,0.0,16.0
1415-1430,38,535,0.0,3.0,13.0
1415-1430,38,428,0.0,4.0,16.0
1430-1445,39,856,1.0,3.0,10.0
1430-1445,39,749,1.0,3.0,15.0
1430-1445,39,642,0.0,3.0,13.0
1430-1445,39,535,4.0,4.0,15.0
1430-1445,39,428,5.0,4.0,21.0
1445-1500,40,856,1.0,3.0,12.0
1445-1500,40,749,3.0,3.0,18.0
1445-1500,40,642,3.0,2.0,12.0
1445-1500,40,535,4.0,4.0,19.0
1445-1500,40,428,1.0,5.0,23.0
1500-1515,41,856,0.0,2.0,12.0
1500-1515,41,749,0.0,2.0,15.0
1500-1515,41,642,3.0,4.0,16.0
1500-1515,41,535,0.0,4.0,23.0
1500-1515,41,428,1.0,0.0,20.0
1515-1530,42,856,0.0,2.0,12.0
1515-1530,42,749,0.0,0.0,12.0
1515-1530,42,642,2.0,0.0,17.0
1515-1530,42,535,4.0,0.0,24.0
1515-1530,42,428,0.0,4.0,20.0
1530-1545,43,856,1.0,4.0,13.0
1530-1545,43,749,2.0,4.0,14.0
1530-1545,43,642,0.0,1.0,15.0
1530-1545,43,535,1.0,4.0,21.0
1530-1545,43,428,6.0,4.0,21.0
1545-1600,44,856,2.0,3.0,14.0
1545-1600,44,749,4.0,4.0,16.0
1545-1600,44,642,5.0,6.0,21.0
1545-1600,44,535,5.0,1.0,19.0
1545-1600,44,428,3.0,6.0,24.0
1600-1615,45,856,0.0,2.0,14.0
1600-1615,45,749,1.0,5.0,20.0
1600-1615,45,642,5.0,4.0,23.0
1600-1615,45,535,2.0,5.0,22.0
1600-1615,45,428,3.0,4.0,30.0
1615-1630,46,856,2.0,2.0,16.0
1615-1630,46,749,5.0,6.0,31.0
1615-1630,46,642,0.0,0.0,21.0
1615-1630,46,535,7.0,1.0,26.0
1615-1630,46,428,3.0,4.0,33.0
1630-1645,47,856,3.0,4.0,18.0
1630-1645,47,749,0.0,4.0,29.0
1630-1645,47,642,2.0,0.0,22.0
1630-1645,47,535,2.0,4.0,27.0
1630-1645,47,428,5.0,7.0,35.0
1645-1700,48,856,3.0,2.0,18.0
1645-1700,48,749,0.0,0.0,21.0
1645-1700,48,642,7.0,6.0,24.0
1645-1700,48,535,7.0,0.0,28.0
1645-1700,48,428,6.0,5.0,37.0
1700-1715,49,856,2.0,2.0,20.0
1700-1715,49,749,3.0,7.0,25.0
1700-1715,49,642,7.0,5.0,27.0
1700-1715,49,535,5.0,5.0,31.0
1700-1715,49,428,4.0,9.0,43.0
1715-1730,50,856,4.0,5.0,25.0
1715-1730,50,749,7.0,6.0,27.0
1715-1730,50,642,6.0,0.0,33.0
1715-1730,50,535,9.0,1.0,33.0
1715-1730,50,428,7.0,4.0,47.0
1730-1745,51,856,5.0,3.0,26.0
1730-1745,51,749,0.0,4.0,27.0
1730-1745,51,642,3.0,8.0,42.0
1730-1745,51,535,5.0,3.0,35.0
1730-1745,51,428,3.0,9.0,47.0
1745-1800,52,856,1.0,2.0,24.0
1745-1800,52,749,1.0,5.0,33.0
1745-1800,52,642,8.0,7.0,44.0
1745-1800,52,535,9.0,0.0,37.0
1745-1800,52,428,8.0,2.0,46.0
1800-1815,53,856,3.0,0.0,23.0
1800-1815,53,749,3.0,5.0,31.0
1800-1815,53,642,0.0,3.0,35.0
1800-1815,53,535,7.0,8.0,42.0
1800-1815,53,428,3.0,7.0,43.0
1815-1830,54,856,4.0,5.0,23.0
1815-1830,54,749,2.0,5.0,25.0
1815-1830,54,642,1.0,0.0,30.0
1815-1830,54,535,9.0,0.0,41.0
1815-1830,54,428,9.0,6.0,47.0
1830-1845,55,856,5.0,1.0,21.0
1830-1845,55,749,1.0,1.0,23.0
1830-1845,55,642,5.0,5.0,29.0
1830-1845,55,535,0.0,6.0,39.0
1830-1845,55,428,3.0,4.0,42.0
1845-1900,56,856,0.0,1.0,19.0
1845-1900,56,749,0.0,2.0,19.0
1845-1900,56,642,6.0,4.0,24.0
1845-1900,56,535,7.0,5.0,42.0
1845-1900,56,428,3.0,1.0,36.0
1900-1915,57,856,3.0,3.0,22.0
1900-1915,57,749,3.0,3.0,17.0
1900-1915,57,642,0.0,0.0,21.0
1900-1915,57,535,0.0,5.0,32.0
1900-1915,57,428,3.0,6.0,35.0
1915-1930,58,856,3.0,3.0,19.0
1915-1930,58,749,3.0,3.0,16.0
1915-1930,58,642,1.0,0.0,21.0
1915-1930,58,535,4.0,0.0,27.0
1915-1930,58,428,6.0,2.0,28.0
1930-1945,59,856,0.0,1.0,14.0
1930-1945,59,749,0.0,0.0,14.0
1930-1945,59,642,4.0,3.0,18.0
1930-1945,59,535,0.0,4.0,25.0
1930-1945,59,428,0.0,2.0,23.0
1945-2000,60,856,2.0,0.0,15.0
1945-2000,60,749,2.0,0.0,14.0
1945-2000,60,642,4.0,2.0,14.0
1945-2000,60,535,4.0,0.0,17.0
1945-2000,60,428,3.0,0.0,22.0
2000-2015,61,856,2.0,2.0,13.0
2000-2015,61,749,3.0,2.0,13.0
2000-2015,61,642,3.0,3.0,20.0
2000-2015,61,535,0.0,3.0,15.0
2000-2015,61,428,4.0,4.0,21.0
2015-2030,62,856,2.0,0.0,9.0
2015-2030,62,749,3.0,0.0,10.0
2015-2030,62,642,2.0,0.0,21.0
2015-2030,62,535,4.0,2.0,17.0
2015-2030,62,428,4.0,1.0,18.0
2030-2045,63,856,1.0,0.0,9.0
2030-2045,63,749,1.0,1.0,12.0
2030-2045,63,642,0.0,0.0,14.0
2030-2045,63,535,1.0,3.0,17.0
2030-2045,63,428,1.0,0.0,17.0
2045-2100,64,856,2.0,0.0,9.0
2045-2100,64,749,2.0,2.0,14.0
2045-2100,64,642,3.0,1.0,12.0
2045-2100,64,535,3.0,3.0,19.0
2045-2100,64,428,3.0,1.0,18.0
2100-2115,65,856,2.0,1.0,8.0
2100-2115,65,749,1.0,1.0,11.0
2100-2115,65,642,3.0,2.0,11.0
2100-2115,65,535,0.0,2.0,18.0
2100-2115,65,428,4.0,2.0,16.0
2115-2130,66,856,2.0,1.0,9.0
2115-2130,66,749,0.0,0.0,8.0
2115-2130,66,642,2.0,1.0,12.0
2115-2130,66,535,0.0,0.0,12.0
2115-2130,66,428,3.0,0.0,14.0
2130-2145,67,856,2.0,1.0,11.0
2130-2145,67,749,2.0,1.0,9.0
2130-2145,67,642,0.0,0.0,12.0
2130-2145,67,535,2.0,3.0,13.0
2130-2145,67,428,1.0,4.0,18.0
2145-2200,68,856,1.0,1.0,11.0
2145-2200,68,749,2.0,2.0,9.0
2145-2200,68,642,1.0,1.0,10.0
2145-2200,68,535,3.0,3.0,13.0
2145-2200,68,428,3.0,3.0,20.0
2200-2215,69,856,1.0,0.0,9.0
2200-2215,69,749,2.0,0.0,9.0
2200-2215,69,642,3.0,2.0,10.0
2200-2215,69,535,0.0,1.0,12.0
2200-2215,69,428,0.0,2.0,16.0
2215-2230,70,856,1.0,1.0,8.0
2215-2230,70,749,0.0,0.0,9.0
2215-2230,70,642,2.0,1.0,10.0
2215-2230,70,535,2.0,1.0,15.0
2215-2230,70,428,0.0,0.0,13.0
2230-2245,71,856,2.0,0.0,7.0
2230-2245,71,749,2.0,0.0,8.0
2230-2245,71,642,1.0,2.0,13.0
2230-2245,71,535,2.0,2.0,14.0
2230-2245,71,428,1.0,3.0,12.0
2245-2300,72,856,1.0,1.0,7.0
2245-2300,72,749,2.0,1.0,7.0
2245-2300,72,642,1.0,0.0,12.0
2245-2300,72,535,1.0,0.0,9.0
2245-2300,72,428,3.0,2.0,11.0
2300-2315,73,856,2.0,1.0,9.0
2300-2315,73,749,2.0,1.0,8.0
2300-2315,73,642,0.0,0.0,7.0
2300-2315,73,535,0.0,0.0,8.0
2300-2315,73,428,0.0,2.0,11.0
2315-2330,74,856,1.0,0.0,8.0
2315-2330,74,749,1.0,0.0,9.0
2315-2330,74,642,2.0,0.0,6.0
2315-2330,74,535,2.0,0.0,7.0
2315-2330,74,428,1.0,1.0,13.0
2330-2345,75,856,0.0,0.0,6.0
2330-2345,75,749,0.0,1.0,8.0
2330-2345,75,642,1.0,1.0,5.0
2330-2345,75,535,2.0,1.0,6.0
2330-2345,75,428,0.0,1.0,10.0
2345-0000,76,856,1.0,0.0,5.0
2345-0000,76,749,1.0,0.0,6.0
2345-0000,76,642,1.0,1.0,6.0
2345-0000,76,535,1.0,0.0,6.0
2345-0000,76,428,0.0,0.0,5.0
0000-0015,77,856,1.0,1.0,4.0
0000-0015,77,749,0.0,1.0,4.0
0000-0015,77,642,1.0,0.0,7.0
0000-0015,77,535,1.0,1.0,8.0
0000-0015,77,428,1.0,1.0,5.0
0015-0030,78,856,1.0,1.0,5.0
0015-0030,78,749,1.0,1.0,5.0
0015-0030,78,642,0.0,1.0,6.0
0015-0030,78,535,1.0,0.0,7.0
0015-0030,78,428,1.0,1.0,5.0
0030-0045,79,856,0.0,1.0,6.0
0030-0045,79,749,0.0,1.0,5.0
0030-0045,79,642,1.0,0.0,5.0
0030-0045,79,535,0.0,0.0,4.0
0030-0045,79,428,0.0,0.0,4.0
0045-0100,80,856,0.0,0.0,5.0
0045-0100,80,749,0.0,0.0,4.0
0045-0100,80,642,0.0,1.0,4.0
0045-0100,80,535,1.0,0.0,4.0
0045-0100,80,428,0.0,0.0,4.0
0100-0115,81,856,0.0,1.0,4.0
0100-0115,81,749,0.0,1.0,4.0
0100-0115,81,642,1.0,0.0,4.0
0100-0115,81,535,1.0,1.0,4.0
0100-0115,81,428,1.0,1.0,4.0
0115-0130,82,856,0.0,1.0,3.0
0115-0130,82,749,0.0,1.0,3.0
0115-0130,82,642,0.0,1.0,4.0
0115-0130,82,535,0.0,0.0,3.0
0115-0130,82,428,0.0,1.0,3.0
0130-0145,83,856,0.0,0.0,2.0
0130-0145,83,749,0.0,0.0,2.0
0130-0145,83,642,0.0,0.0,3.0
0130-0145,83,535,0.0,0.0,3.0
0130-0145,83,428,0.0,0.0,3.0
0145-0200,84,856,0.0,0.0,2.0
0145-0200,84,749,0.0,0.0,2.0
0145-0200,84,642,0.0,0.0,2.0
0145-0200,84,535,0.0,0.0,2.0
0145-0200,84,428,0.0,0.0,3.0
0200-0215,85,856,0.0,0.0,1.0
0200-0215,85,749,0.0,0.0,1.0
0200-0215,85,642,0.0,0.0,1.0
0200-0215,85,535,0.0,0.0,0.0
0200-0215,85,428,0.0,0.0,1.0
0215-0230,86,856,0.0,0.0,0.0
0215-0230,86,749,0.0,0.0,0.0
0215-0230,86,642,0.0,0.0,0.0
0215-0230,86,535,0.0,0.0,0.0
0215-0230,86,428,0.0,0.0,0.0
0230-0245,87,856,0.0,0.0,0.0
0230-0245,87,749,0.0,0.0,0.0
0230-0245,87,642,0.0,0.0,0.0
0230-0245,87,535,0.0,0.0,0.0
0230-0245,87,428,0.0,0.0,0.0
0245-0300,88,856,0.0,0.0,0.0
0245-0300,88,749,0.0,0.0,0.0
0245-0300,88,642,0.0,0.0,0.0
0245-0300,88,535,0.0,0.0,0.0
0245-0300,88,428,0.0,0.0,0.0
0300-0315,89,856,0.0,0.0,0.0
0300-0315,89,749,0.0,0.0,0.0
0300-0315,89,642,0.0,0.0,0.0
0300-0315,89,535,0.0,0.0,0.0
0300-0315,89,428,0.0,0.0,0.0
0315-0330,90,856,0.0,0.0,0.0
0315-0330,90,749,0.0,0.0,0.0
0315-0330,90,642,0.0,0.0,0.0
0315-0330,90,535,0.0,0.0,0.0
0315-0330,90,428,0.0,0.0,0.0
0330-0345,91,856,0.0,0.0,0.0
0330-0345,91,749,0.0,0.0,0.0
0330-0345,91,642,0.0,0.0,0.0
0330-0345,91,535,0.0,0.0,0.0
0330-0345,91,428,0.0,0.0,0.0
0345-0400,92,856,0.0,0.0,0.0
0345-0400,92,749,0.0,0.0,0.0
0345-0400,92,642,0.0,0.0,0.0
0345-0400,92,535,0.0,0.0,0.0
0345-0400,92,428,0.0,0.0,0.0
0400-0415,93,856,0.0,0.0,0.0
0400-0415,93,749,0.0,0.0,0.0
0400-0415,93,642,0.0,0.0,0.0
0400-0415,93,535,0.0,0.0,0.0
0400-0415,93,428,0.0,0.0,0.0
0415-0430,94,856,0.0,0.0,0.0
0415-0430,94,749,0.0,0.0,0.0
0415-0430,94,642,0.0,0.0,0.0
0415-0430,94,535,0.0,0.0,0.0
0415-0430,94,428,0.0,0.0,0.0
0430-0445,95,856,0.0,0.0,0.0
0430-0445,95,749,0.0,0.0,0.0
0430-0445,95,642,0.0,0.0,0.0
0430-0445,95,535,0.0,0.0,0.0
0430-0445,95,428,0.0,0.0,0.0
0445-0500,96,856,0.0,0.0,0.0
0445-0500,96,749,0.0,0.0,0.0
0445-0500,96,642,0.0,0.0,0.0
0445-0500,96,535,0.0,0.0,0.0
0445-0500,96,428,0.0,0.0,0.0
